01/01/2019,Tue,02:25,9.58,292,H
01/01/2019,Tue,07:11,6.31,192,L
01/01/2019,Tue,12:58,12.25,373,H
01/01/2019,Tue,20:14,0.06,2,L
01/02/2019,Wed,03:36,10.64,324,H
01/02/2019,Wed,08:26,7.07,215,L
01/02/2019,Wed,13:40,11.92,363,H
01/02/2019,Wed,20:55,-0.69,-21,L
01/03/2019,Thu,04:31,11.52,351,H
01/03/2019,Thu,09:30,7.47,228,L
01/03/2019,Thu,14:20,11.58,353,H
01/03/2019,Thu,21:32,-1.15,-35,L
01/04/2019,Fri,05:15,12.11,369,H
01/04/2019,Fri,10:24,7.64,233,L
01/04/2019,Fri,14:59,11.25,343,H
01/04/2019,Fri,22:07,-1.38,-42,L
01/05/2019,Sat,05:51,12.43,379,H
01/05/2019,Sat,11:10,7.67,234,L
01/05/2019,Sat,15:37,10.93,333,H
01/05/2019,Sat,22:42,-1.41,-43,L
01/06/2019,Sun,06:22,12.55,383,H
01/06/2019,Sun,11:51,7.6,232,L
01/06/2019,Sun,16:15,10.63,324,H
01/06/2019,Sun,23:16,-1.29,-39,L
01/07/2019,Mon,06:50,12.56,383,H
01/07/2019,Mon,12:28,7.42,226,L
01/07/2019,Mon,16:54,10.32,315,H
01/07/2019,Mon,23:52,-1.03,-31,L
01/08/2019,Tue,07:16,12.55,383,H
01/08/2019,Tue,13:05,7.15,218,L
01/08/2019,Tue,17:36,9.98,304,H
01/09/2019,Wed,00:28,-0.61,-19,L
01/09/2019,Wed,07:44,12.54,382,H
01/09/2019,Wed,13:42,6.78,207,L
01/09/2019,Wed,18:19,9.58,292,H
01/10/2019,Thu,01:05,0,0,L
01/10/2019,Thu,08:15,12.5,381,H
01/10/2019,Thu,14:23,6.32,193,L
01/10/2019,Thu,19:07,9.11,278,H
01/11/2019,Fri,01:43,0.84,26,L
01/11/2019,Fri,08:49,12.44,379,H
01/11/2019,Fri,15:08,5.74,175,L
01/11/2019,Fri,20:01,8.6,262,H
01/12/2019,Sat,02:22,1.93,59,L
01/12/2019,Sat,09:24,12.31,375,H
01/12/2019,Sat,15:57,5.03,153,L
01/12/2019,Sat,21:06,8.15,248,H
01/13/2019,Sun,03:04,3.21,98,L
01/13/2019,Sun,10:00,12.14,370,H
01/13/2019,Sun,16:48,4.15,126,L
01/13/2019,Sun,22:24,7.92,241,H
01/14/2019,Mon,03:51,4.61,141,L
01/14/2019,Mon,10:38,11.95,364,H
01/14/2019,Mon,17:41,3.11,95,L
01/14/2019,Mon,23:55,8.14,248,H
01/15/2019,Tue,04:51,5.99,183,L
01/15/2019,Tue,11:18,11.79,359,H
01/15/2019,Tue,18:31,1.91,58,L
01/16/2019,Wed,01:32,8.9,271,H
01/16/2019,Wed,06:06,7.13,217,L
01/16/2019,Wed,12:00,11.7,357,H
01/16/2019,Wed,19:19,0.63,19,L
01/17/2019,Thu,02:52,9.97,304,H
01/17/2019,Thu,07:25,7.85,239,L
01/17/2019,Thu,12:45,11.72,357,H
01/17/2019,Thu,20:06,-0.62,-19,L
01/18/2019,Fri,03:48,11.04,336,H
01/18/2019,Fri,08:35,8.13,248,L
01/18/2019,Fri,13:33,11.83,361,H
01/18/2019,Fri,20:52,-1.75,-53,L
01/19/2019,Sat,04:32,11.92,363,H
01/19/2019,Sat,09:33,8.09,247,L
01/19/2019,Sat,14:22,11.99,365,H
01/19/2019,Sat,21:39,-2.62,-80,L
01/20/2019,Sun,05:13,12.59,384,H
01/20/2019,Sun,10:25,7.81,238,L
01/20/2019,Sun,15:13,12.12,369,H
01/20/2019,Sun,22:25,-3.14,-96,L
01/21/2019,Mon,05:52,13.06,398,H
01/21/2019,Mon,11:14,7.33,223,L
01/21/2019,Mon,16:06,12.12,369,H
01/21/2019,Mon,23:12,-3.22,-98,L
01/22/2019,Tue,06:31,13.35,407,H
01/22/2019,Tue,12:04,6.69,204,L
01/22/2019,Tue,17:00,11.9,363,H
01/22/2019,Tue,23:59,-2.81,-86,L
01/23/2019,Wed,07:10,13.5,411,H
01/23/2019,Wed,12:55,5.92,180,L
01/23/2019,Wed,17:58,11.45,349,H
01/24/2019,Thu,00:46,-1.91,-58,L
01/24/2019,Thu,07:49,13.53,412,H
01/24/2019,Thu,13:48,5.08,155,L
01/24/2019,Thu,18:59,10.77,328,H
01/25/2019,Fri,01:33,-0.55,-17,L
01/25/2019,Fri,08:29,13.43,409,H
01/25/2019,Fri,14:45,4.19,128,L
01/25/2019,Fri,20:06,9.98,304,H
01/26/2019,Sat,02:22,1.17,36,L
01/26/2019,Sat,09:10,13.19,402,H
01/26/2019,Sat,15:44,3.31,101,L
01/26/2019,Sat,21:23,9.26,282,H
01/27/2019,Sun,03:14,3.07,94,L
01/27/2019,Sun,09:53,12.82,391,H
01/27/2019,Sun,16:47,2.45,75,L
01/27/2019,Sun,22:55,8.88,271,H
01/28/2019,Mon,04:15,4.95,151,L
01/28/2019,Mon,10:39,12.33,376,H
01/28/2019,Mon,17:49,1.64,50,L
01/29/2019,Tue,00:46,9.16,279,H
01/29/2019,Tue,05:33,6.51,198,L
01/29/2019,Tue,11:28,11.81,360,H
01/29/2019,Tue,18:48,0.91,28,L
01/30/2019,Wed,02:25,10.04,306,H
01/30/2019,Wed,07:08,7.43,226,L
01/30/2019,Wed,12:20,11.32,345,H
01/30/2019,Wed,19:42,0.3,9,L
01/31/2019,Thu,03:33,10.99,335,H
01/31/2019,Thu,08:33,7.68,234,L
01/31/2019,Thu,13:12,10.93,333,H
01/31/2019,Thu,20:29,-0.15,-5,L
02/01/2019,Fri,04:22,11.68,356,H
02/01/2019,Fri,09:37,7.57,231,L
02/01/2019,Fri,14:02,10.68,326,H
02/01/2019,Fri,21:10,-0.44,-13,L
02/02/2019,Sat,05:00,12.06,368,H
02/02/2019,Sat,10:24,7.35,224,L
02/02/2019,Sat,14:49,10.53,321,H
02/02/2019,Sat,21:48,-0.59,-18,L
02/03/2019,Sun,05:31,12.21,372,H
02/03/2019,Sun,11:02,7.09,216,L
02/03/2019,Sun,15:31,10.45,319,H
02/03/2019,Sun,22:24,-0.63,-19,L
02/04/2019,Mon,05:56,12.22,372,H
02/04/2019,Mon,11:33,6.79,207,L
02/04/2019,Mon,16:11,10.39,317,H
02/04/2019,Mon,22:59,-0.55,-17,L
02/05/2019,Tue,06:17,12.21,372,H
02/05/2019,Tue,12:01,6.43,196,L
02/05/2019,Tue,16:50,10.3,314,H
02/05/2019,Tue,23:33,-0.32,-10,L
02/06/2019,Wed,06:38,12.24,373,H
02/06/2019,Wed,12:30,5.96,182,L
02/06/2019,Wed,17:30,10.17,310,H
02/07/2019,Thu,00:07,0.1,3,L
02/07/2019,Thu,07:02,12.29,375,H
02/07/2019,Thu,13:02,5.42,165,L
02/07/2019,Thu,18:12,9.96,304,H
02/08/2019,Fri,00:41,0.74,23,L
02/08/2019,Fri,07:29,12.32,376,H
02/08/2019,Fri,13:36,4.8,146,L
02/08/2019,Fri,18:57,9.68,295,H
02/09/2019,Sat,01:16,1.63,50,L
02/09/2019,Sat,07:58,12.26,374,H
02/09/2019,Sat,14:15,4.14,126,L
02/09/2019,Sat,19:47,9.34,285,H
02/10/2019,Sun,01:53,2.76,84,L
02/10/2019,Sun,08:29,12.1,369,H
02/10/2019,Sun,14:58,3.46,105,L
02/10/2019,Sun,20:45,9.02,275,H
02/11/2019,Mon,02:32,4.08,124,L
02/11/2019,Mon,09:02,11.85,361,H
02/11/2019,Mon,15:46,2.76,84,L
02/11/2019,Mon,21:54,8.8,268,H
02/12/2019,Tue,03:17,5.48,167,L
02/12/2019,Tue,09:38,11.54,352,H
02/12/2019,Tue,16:39,2.01,61,L
02/12/2019,Tue,23:19,8.87,270,H
02/13/2019,Wed,04:16,6.81,208,L
02/13/2019,Wed,10:21,11.25,343,H
02/13/2019,Wed,17:37,1.19,36,L
02/14/2019,Thu,01:01,9.4,287,H
02/14/2019,Thu,05:39,7.8,238,L
02/14/2019,Thu,11:12,11.06,337,H
02/14/2019,Thu,18:37,0.29,9,L
02/15/2019,Fri,02:30,10.28,313,H
02/15/2019,Fri,07:12,8.19,250,L
02/15/2019,Fri,12:11,11.04,336,H
02/15/2019,Fri,19:34,-0.66,-20,L
02/16/2019,Sat,03:26,11.16,340,H
02/16/2019,Sat,08:26,8,244,L
02/16/2019,Sat,13:12,11.21,342,H
02/16/2019,Sat,20:29,-1.52,-46,L
02/17/2019,Sun,04:08,11.88,362,H
02/17/2019,Sun,09:23,7.46,227,L
02/17/2019,Sun,14:13,11.51,351,H
02/17/2019,Sun,21:20,-2.14,-65,L
02/18/2019,Mon,04:45,12.42,379,H
02/18/2019,Mon,10:11,6.69,204,L
02/18/2019,Mon,15:10,11.8,360,H
02/18/2019,Mon,22:09,-2.4,-73,L
02/19/2019,Tue,05:20,12.8,390,H
02/19/2019,Tue,10:57,5.76,176,L
02/19/2019,Tue,16:07,11.95,364,H
02/19/2019,Tue,22:56,-2.2,-67,L
02/20/2019,Wed,05:54,13.06,398,H
02/20/2019,Wed,11:43,4.76,145,L
02/20/2019,Wed,17:03,11.88,362,H
02/20/2019,Wed,23:42,-1.52,-46,L
02/21/2019,Thu,06:30,13.19,402,H
02/21/2019,Thu,12:29,3.75,114,L
02/21/2019,Thu,18:01,11.58,353,H
02/22/2019,Fri,00:28,-0.39,-12,L
02/22/2019,Fri,07:05,13.16,401,H
02/22/2019,Fri,13:18,2.83,86,L
02/22/2019,Fri,19:00,11.09,338,H
02/23/2019,Sat,01:14,1.1,34,L
02/23/2019,Sat,07:42,12.97,395,H
02/23/2019,Sat,14:07,2.09,64,L
02/23/2019,Sat,20:04,10.5,320,H
02/24/2019,Sun,02:02,2.81,86,L
02/24/2019,Sun,08:21,12.56,383,H
02/24/2019,Sun,15:00,1.58,48,L
02/24/2019,Sun,21:15,9.96,304,H
02/25/2019,Mon,02:55,4.55,139,L
02/25/2019,Mon,09:02,11.97,365,H
02/25/2019,Mon,15:55,1.29,39,L
02/25/2019,Mon,22:41,9.64,294,H
02/26/2019,Tue,03:59,6.12,187,L
02/26/2019,Tue,09:49,11.25,343,H
02/26/2019,Tue,16:55,1.15,35,L
02/27/2019,Wed,00:27,9.79,298,H
02/27/2019,Wed,05:28,7.22,220,L
02/27/2019,Wed,10:43,10.53,321,H
02/27/2019,Wed,17:59,1.05,32,L
02/28/2019,Thu,02:02,10.38,316,H
02/28/2019,Thu,07:18,7.51,229,L
02/28/2019,Thu,11:47,9.96,304,H
02/28/2019,Thu,19:01,0.91,28,L
03/01/2019,Fri,03:06,11,335,H
03/01/2019,Fri,08:38,7.2,219,L
03/01/2019,Fri,12:54,9.68,295,H
03/01/2019,Fri,19:57,0.71,22,L
03/02/2019,Sat,03:51,11.42,348,H
03/02/2019,Sat,09:31,6.72,205,L
03/02/2019,Sat,13:54,9.66,294,H
03/02/2019,Sat,20:45,0.53,16,L
03/03/2019,Sun,04:25,11.61,354,H
03/03/2019,Sun,10:09,6.25,190,L
03/03/2019,Sun,14:46,9.79,298,H
03/03/2019,Sun,21:26,0.42,13,L
03/04/2019,Mon,04:51,11.66,355,H
03/04/2019,Mon,10:39,5.8,177,L
03/04/2019,Mon,15:30,9.97,304,H
03/04/2019,Mon,22:03,0.41,12,L
03/05/2019,Tue,05:11,11.66,355,H
03/05/2019,Tue,11:03,5.33,162,L
03/05/2019,Tue,16:09,10.13,309,H
03/05/2019,Tue,22:38,0.55,17,L
03/06/2019,Wed,05:29,11.69,356,H
03/06/2019,Wed,11:27,4.76,145,L
03/06/2019,Wed,16:48,10.24,312,H
03/06/2019,Wed,23:11,0.86,26,L
03/07/2019,Thu,05:49,11.76,358,H
03/07/2019,Thu,11:53,4.11,125,L
03/07/2019,Thu,17:27,10.31,314,H
03/07/2019,Thu,23:44,1.37,42,L
03/08/2019,Fri,06:12,11.82,360,H
03/08/2019,Fri,12:22,3.4,104,L
03/08/2019,Fri,18:07,10.31,314,H
03/09/2019,Sat,00:18,2.09,64,L
03/09/2019,Sat,06:38,11.82,360,H
03/09/2019,Sat,12:55,2.68,82,L
03/09/2019,Sat,18:51,10.27,313,H
03/10/2019,Sun,00:54,3.01,92,L
03/10/2019,Sun,08:06,11.72,357,H
03/10/2019,Sun,14:32,2.01,61,L
03/10/2019,Sun,20:39,10.16,310,H
03/11/2019,Mon,02:31,4.08,124,L
03/11/2019,Mon,08:35,11.5,351,H
03/11/2019,Mon,15:13,1.45,44,L
03/11/2019,Mon,21:34,9.99,304,H
03/12/2019,Tue,03:13,5.25,160,L
03/12/2019,Tue,09:07,11.18,341,H
03/12/2019,Tue,15:59,1.02,31,L
03/12/2019,Tue,22:38,9.82,299,H
03/13/2019,Wed,04:02,6.4,195,L
03/13/2019,Wed,09:44,10.8,329,H
03/13/2019,Wed,16:52,0.7,21,L
03/13/2019,Wed,23:56,9.79,298,H
03/14/2019,Thu,05:09,7.37,225,L
03/14/2019,Thu,10:32,10.4,317,H
03/14/2019,Thu,17:53,0.41,12,L
03/15/2019,Fri,01:30,10.05,306,H
03/15/2019,Fri,06:41,7.87,240,L
03/15/2019,Fri,11:37,10.1,308,H
03/15/2019,Fri,19:00,0.05,2,L
03/16/2019,Sat,02:52,10.62,324,H
03/16/2019,Sat,08:14,7.66,233,L
03/16/2019,Sat,12:53,10.05,306,H
03/16/2019,Sat,20:05,-0.4,-12,L
03/17/2019,Sun,03:48,11.24,343,H
03/17/2019,Sun,09:21,6.93,211,L
03/17/2019,Sun,14:06,10.31,314,H
03/17/2019,Sun,21:06,-0.82,-25,L
03/18/2019,Mon,04:29,11.76,358,H
03/18/2019,Mon,10:11,5.91,180,L
03/18/2019,Mon,15:13,10.76,328,H
03/18/2019,Mon,22:00,-1.03,-31,L
03/19/2019,Tue,05:04,12.17,371,H
03/19/2019,Tue,10:54,4.72,144,L
03/19/2019,Tue,16:14,11.21,342,H
03/19/2019,Tue,22:51,-0.89,-27,L
03/20/2019,Wed,05:37,12.47,380,H
03/20/2019,Wed,11:37,3.47,106,L
03/20/2019,Wed,17:12,11.53,351,H
03/20/2019,Wed,23:38,-0.35,-11,L
03/21/2019,Thu,06:09,12.65,386,H
03/21/2019,Thu,12:19,2.27,69,L
03/21/2019,Thu,18:08,11.67,356,H
03/22/2019,Fri,00:24,0.58,18,L
03/22/2019,Fri,06:43,12.68,386,H
03/22/2019,Fri,13:02,1.24,38,L
03/22/2019,Fri,19:04,11.62,354,H
03/23/2019,Sat,01:10,1.8,55,L
03/23/2019,Sat,07:17,12.52,382,H
03/23/2019,Sat,13:45,0.49,15,L
03/23/2019,Sat,20:02,11.41,348,H
03/24/2019,Sun,01:57,3.17,97,L
03/24/2019,Sun,07:53,12.15,370,H
03/24/2019,Sun,14:30,0.07,2,L
03/24/2019,Sun,21:01,11.11,339,H
03/25/2019,Mon,02:47,4.56,139,L
03/25/2019,Mon,08:31,11.57,353,H
03/25/2019,Mon,15:17,0.01,0,L
03/25/2019,Mon,22:06,10.77,328,H
03/26/2019,Tue,03:43,5.83,178,L
03/26/2019,Tue,09:13,10.8,329,H
03/26/2019,Tue,16:07,0.26,8,L
03/26/2019,Tue,23:20,10.48,319,H
03/27/2019,Wed,04:55,6.8,207,L
03/27/2019,Wed,10:01,9.95,303,H
03/27/2019,Wed,17:02,0.71,22,L
03/28/2019,Thu,00:48,10.41,317,H
03/28/2019,Thu,06:38,7.21,220,L
03/28/2019,Thu,11:02,9.16,279,H
03/28/2019,Thu,18:04,1.17,36,L
03/29/2019,Fri,02:13,10.58,322,H
03/29/2019,Fri,08:21,6.89,210,L
03/29/2019,Fri,12:17,8.62,263,H
03/29/2019,Fri,19:11,1.48,45,L
03/30/2019,Sat,03:15,10.84,330,H
03/30/2019,Sat,09:26,6.25,190,L
03/30/2019,Sat,13:36,8.5,259,H
03/30/2019,Sat,20:15,1.58,48,L
03/31/2019,Sun,03:58,11.03,336,H
03/31/2019,Sun,10:08,5.56,169,L
03/31/2019,Sun,14:44,8.72,266,H
03/31/2019,Sun,21:10,1.58,48,L
04/01/2019,Mon,04:29,11.12,339,H
04/01/2019,Mon,10:40,4.91,150,L
04/01/2019,Mon,15:39,9.09,277,H
04/01/2019,Mon,21:56,1.61,49,L
04/02/2019,Tue,04:52,11.17,340,H
04/02/2019,Tue,11:05,4.26,130,L
04/02/2019,Tue,16:25,9.48,289,H
04/02/2019,Tue,22:35,1.76,54,L
04/03/2019,Wed,05:12,11.22,342,H
04/03/2019,Wed,11:27,3.55,108,L
04/03/2019,Wed,17:06,9.85,300,H
04/03/2019,Wed,23:11,2.06,63,L
04/04/2019,Thu,05:32,11.29,344,H
04/04/2019,Thu,11:50,2.78,85,L
04/04/2019,Thu,17:45,10.18,310,H
04/04/2019,Thu,23:46,2.54,77,L
04/05/2019,Fri,05:54,11.36,346,H
04/05/2019,Fri,12:16,1.95,59,L
04/05/2019,Fri,18:24,10.48,319,H
04/06/2019,Sat,00:21,3.15,96,L
04/06/2019,Sat,06:19,11.37,347,H
04/06/2019,Sat,12:46,1.13,34,L
04/06/2019,Sat,19:05,10.73,327,H
04/07/2019,Sun,00:57,3.9,119,L
04/07/2019,Sun,06:45,11.31,345,H
04/07/2019,Sun,13:19,0.4,12,L
04/07/2019,Sun,19:49,10.92,333,H
04/08/2019,Mon,01:36,4.72,144,L
04/08/2019,Mon,07:13,11.15,340,H
04/08/2019,Mon,13:57,-0.18,-5,L
04/08/2019,Mon,20:37,10.99,335,H
04/09/2019,Tue,02:18,5.58,170,L
04/09/2019,Tue,07:44,10.88,332,H
04/09/2019,Tue,14:38,-0.52,-16,L
04/09/2019,Tue,21:30,10.95,334,H
04/10/2019,Wed,03:05,6.41,195,L
04/10/2019,Wed,08:19,10.51,320,H
04/10/2019,Wed,15:25,-0.62,-19,L
04/10/2019,Wed,22:31,10.82,330,H
04/11/2019,Thu,04:04,7.1,216,L
04/11/2019,Thu,09:02,10.05,306,H
04/11/2019,Thu,16:19,-0.49,-15,L
04/11/2019,Thu,23:42,10.74,327,H
04/12/2019,Fri,05:20,7.47,228,L
04/12/2019,Fri,10:01,9.53,290,H
04/12/2019,Fri,17:20,-0.24,-7,L
04/13/2019,Sat,01:00,10.84,330,H
04/13/2019,Sat,06:53,7.28,222,L
04/13/2019,Sat,11:21,9.12,278,H
04/13/2019,Sat,18:28,0,0,L
04/14/2019,Sun,02:08,11.13,339,H
04/14/2019,Sun,08:13,6.46,197,L
04/14/2019,Sun,12:48,9.05,276,H
04/14/2019,Sun,19:37,0.18,5,L
04/15/2019,Mon,03:00,11.49,350,H
04/15/2019,Mon,09:09,5.26,160,L
04/15/2019,Mon,14:09,9.39,286,H
04/15/2019,Mon,20:41,0.37,11,L
04/16/2019,Tue,03:40,11.84,361,H
04/16/2019,Tue,09:54,3.86,118,L
04/16/2019,Tue,15:20,9.97,304,H
04/16/2019,Tue,21:38,0.71,22,L
04/17/2019,Wed,04:16,12.11,369,H
04/17/2019,Wed,10:35,2.42,74,L
04/17/2019,Wed,16:23,10.58,322,H
04/17/2019,Wed,22:30,1.29,39,L
04/18/2019,Thu,04:49,12.28,374,H
04/18/2019,Thu,11:15,1.06,32,L
04/18/2019,Thu,17:21,11.1,338,H
04/18/2019,Thu,23:19,2.12,65,L
04/19/2019,Fri,05:21,12.31,375,H
04/19/2019,Fri,11:55,-0.09,-3,L
04/19/2019,Fri,18:16,11.49,350,H
04/20/2019,Sat,00:07,3.12,95,L
04/20/2019,Sat,05:55,12.17,371,H
04/20/2019,Sat,12:34,-0.91,-28,L
04/20/2019,Sat,19:10,11.71,357,H
04/21/2019,Sun,00:54,4.17,127,L
04/21/2019,Sun,06:29,11.82,360,H
04/21/2019,Sun,13:14,-1.35,-41,L
04/21/2019,Sun,20:04,11.77,359,H
04/22/2019,Mon,01:44,5.18,158,L
04/22/2019,Mon,07:05,11.29,344,H
04/22/2019,Mon,13:56,-1.4,-43,L
04/22/2019,Mon,20:58,11.69,356,H
04/23/2019,Tue,02:38,6.03,184,L
04/23/2019,Tue,07:44,10.58,322,H
04/23/2019,Tue,14:38,-1.09,-33,L
04/23/2019,Tue,21:54,11.49,350,H
04/24/2019,Wed,03:39,6.67,203,L
04/24/2019,Wed,08:27,9.77,298,H
04/24/2019,Wed,15:24,-0.48,-15,L
04/24/2019,Wed,22:54,11.23,342,H
04/25/2019,Thu,04:55,6.98,213,L
04/25/2019,Thu,09:18,8.91,272,H
04/25/2019,Thu,16:14,0.29,9,L
04/26/2019,Fri,00:00,11.01,336,H
04/26/2019,Fri,06:35,6.82,208,L
04/26/2019,Fri,10:23,8.15,248,H
04/26/2019,Fri,17:11,1.09,33,L
04/27/2019,Sat,01:06,10.88,332,H
04/27/2019,Sat,08:00,6.2,189,L
04/27/2019,Sat,11:44,7.66,233,H
04/27/2019,Sat,18:15,1.79,55,L
04/28/2019,Sun,02:01,10.87,331,H
04/28/2019,Sun,08:54,5.4,165,L
04/28/2019,Sun,13:08,7.59,231,H
04/28/2019,Sun,19:21,2.29,70,L
04/29/2019,Mon,02:44,10.91,333,H
04/29/2019,Mon,09:31,4.56,139,L
04/29/2019,Mon,14:24,7.92,241,H
04/29/2019,Mon,20:21,2.66,81,L
04/30/2019,Tue,03:16,10.97,334,H
04/30/2019,Tue,10:00,3.71,113,L
04/30/2019,Tue,15:25,8.45,258,H
04/30/2019,Tue,21:13,3,91,L
05/01/2019,Wed,03:43,11.04,336,H
05/01/2019,Wed,10:24,2.81,86,L
05/01/2019,Wed,16:16,9.06,276,H
05/01/2019,Wed,21:58,3.4,104,L
05/02/2019,Thu,04:08,11.12,339,H
05/02/2019,Thu,10:47,1.87,57,L
05/02/2019,Thu,17:01,9.66,294,H
05/02/2019,Thu,22:38,3.91,119,L
05/03/2019,Fri,04:32,11.18,341,H
05/03/2019,Fri,11:12,0.9,27,L
05/03/2019,Fri,17:42,10.25,312,H
05/03/2019,Fri,23:18,4.49,137,L
05/04/2019,Sat,04:58,11.2,341,H
05/04/2019,Sat,11:41,-0.05,-2,L
05/04/2019,Sat,18:23,10.79,329,H
05/04/2019,Sat,23:57,5.11,156,L
05/05/2019,Sun,05:25,11.16,340,H
05/05/2019,Sun,12:13,-0.9,-27,L
05/05/2019,Sun,19:05,11.24,343,H
05/06/2019,Mon,00:39,5.73,175,L
05/06/2019,Mon,05:54,11.05,337,H
05/06/2019,Mon,12:49,-1.56,-48,L
05/06/2019,Mon,19:49,11.58,353,H
05/07/2019,Tue,01:23,6.31,192,L
05/07/2019,Tue,06:27,10.86,331,H
05/07/2019,Tue,13:29,-1.96,-60,L
05/07/2019,Tue,20:37,11.77,359,H
05/08/2019,Wed,02:11,6.79,207,L
05/08/2019,Wed,07:03,10.55,322,H
05/08/2019,Wed,14:13,-2.05,-62,L
05/08/2019,Wed,21:29,11.8,360,H
05/09/2019,Thu,03:06,7.13,217,L
05/09/2019,Thu,07:46,10.11,308,H
05/09/2019,Thu,15:01,-1.81,-55,L
05/09/2019,Thu,22:26,11.73,358,H
05/10/2019,Fri,04:10,7.24,221,L
05/10/2019,Fri,08:40,9.53,290,H
05/10/2019,Fri,15:55,-1.28,-39,L
05/10/2019,Fri,23:27,11.66,355,H
05/11/2019,Sat,05:28,6.96,212,L
05/11/2019,Sat,09:50,8.89,271,H
05/11/2019,Sat,16:54,-0.53,-16,L
05/12/2019,Sun,00:28,11.67,356,H
05/12/2019,Sun,06:50,6.16,188,L
05/12/2019,Sun,11:17,8.4,256,H
05/12/2019,Sun,17:59,0.33,10,L
05/13/2019,Mon,01:23,11.78,359,H
05/13/2019,Mon,07:57,4.92,150,L
05/13/2019,Mon,12:49,8.32,254,H
05/13/2019,Mon,19:07,1.19,36,L
05/14/2019,Tue,02:10,11.95,364,H
05/14/2019,Tue,08:50,3.42,104,L
05/14/2019,Tue,14:16,8.72,266,H
05/14/2019,Tue,20:13,2.04,62,L
05/15/2019,Wed,02:51,12.11,369,H
05/15/2019,Wed,09:34,1.86,57,L
05/15/2019,Wed,15:32,9.43,287,H
05/15/2019,Wed,21:14,2.89,88,L
05/16/2019,Thu,03:28,12.21,372,H
05/16/2019,Thu,10:14,0.4,12,L
05/16/2019,Thu,16:37,10.23,312,H
05/16/2019,Thu,22:10,3.77,115,L
05/17/2019,Fri,04:02,12.19,372,H
05/17/2019,Fri,10:53,-0.81,-25,L
05/17/2019,Fri,17:36,10.96,334,H
05/17/2019,Fri,23:03,4.64,141,L
05/18/2019,Sat,04:36,12.02,366,H
05/18/2019,Sat,11:31,-1.69,-52,L
05/18/2019,Sat,18:28,11.53,351,H
05/18/2019,Sat,23:54,5.44,166,L
05/19/2019,Sun,05:11,11.69,356,H
05/19/2019,Sun,12:08,-2.18,-66,L
05/19/2019,Sun,19:18,11.9,363,H
05/20/2019,Mon,00:45,6.11,186,L
05/20/2019,Mon,05:47,11.21,342,H
05/20/2019,Mon,12:47,-2.3,-70,L
05/20/2019,Mon,20:05,12.08,368,H
05/21/2019,Tue,01:37,6.6,201,L
05/21/2019,Tue,06:25,10.61,323,H
05/21/2019,Tue,13:26,-2.08,-63,L
05/21/2019,Tue,20:51,12.09,369,H
05/22/2019,Wed,02:32,6.89,210,L
05/22/2019,Wed,07:05,9.92,302,H
05/22/2019,Wed,14:07,-1.59,-48,L
05/22/2019,Wed,21:37,11.96,365,H
05/23/2019,Thu,03:31,6.98,213,L
05/23/2019,Thu,07:51,9.18,280,H
05/23/2019,Thu,14:50,-0.88,-27,L
05/23/2019,Thu,22:24,11.75,358,H
05/24/2019,Fri,04:40,6.84,208,L
05/24/2019,Fri,08:43,8.43,257,H
05/24/2019,Fri,15:35,-0.02,-1,L
05/24/2019,Fri,23:12,11.52,351,H
05/25/2019,Sat,05:57,6.42,196,L
05/25/2019,Sat,09:47,7.74,236,H
05/25/2019,Sat,16:25,0.93,28,L
05/26/2019,Sun,00:00,11.33,345,H
05/26/2019,Sun,07:08,5.74,175,L
05/26/2019,Sun,11:04,7.25,221,H
05/26/2019,Sun,17:20,1.91,58,L
05/27/2019,Mon,00:45,11.21,342,H
05/27/2019,Mon,08:00,4.86,148,L
05/27/2019,Mon,12:28,7.11,217,H
05/27/2019,Mon,18:20,2.84,87,L
05/28/2019,Tue,01:27,11.17,340,H
05/28/2019,Tue,08:39,3.88,118,L
05/28/2019,Tue,13:51,7.39,225,H
05/28/2019,Tue,19:21,3.67,112,L
05/29/2019,Wed,02:03,11.17,340,H
05/29/2019,Wed,09:09,2.82,86,L
05/29/2019,Wed,15:04,8.03,245,H
05/29/2019,Wed,20:21,4.42,135,L
05/30/2019,Thu,02:36,11.2,341,H
05/30/2019,Thu,09:37,1.71,52,L
05/30/2019,Thu,16:04,8.83,269,H
05/30/2019,Thu,21:15,5.09,155,L
05/31/2019,Fri,03:06,11.22,342,H
05/31/2019,Fri,10:05,0.58,18,L
05/31/2019,Fri,16:54,9.68,295,H
05/31/2019,Fri,22:04,5.7,174,L
06/01/2019,Sat,03:36,11.24,343,H
06/01/2019,Sat,10:35,-0.52,-16,L
06/01/2019,Sat,17:39,10.47,319,H
06/01/2019,Sat,22:51,6.26,191,L
06/02/2019,Sun,04:06,11.24,343,H
06/02/2019,Sun,11:08,-1.51,-46,L
06/02/2019,Sun,18:21,11.17,340,H
06/02/2019,Sun,23:36,6.72,205,L
06/03/2019,Mon,04:38,11.2,341,H
06/03/2019,Mon,11:45,-2.32,-71,L
06/03/2019,Mon,19:04,11.73,358,H
06/04/2019,Tue,00:23,7.06,215,L
06/04/2019,Tue,05:14,11.11,339,H
06/04/2019,Tue,12:25,-2.86,-87,L
06/04/2019,Tue,19:48,12.12,369,H
06/05/2019,Wed,01:12,7.26,221,L
06/05/2019,Wed,05:54,10.91,333,H
06/05/2019,Wed,13:09,-3.07,-94,L
06/05/2019,Wed,20:34,12.35,376,H
06/06/2019,Thu,02:04,7.29,222,L
06/06/2019,Thu,06:39,10.57,322,H
06/06/2019,Thu,13:55,-2.92,-89,L
06/06/2019,Thu,21:22,12.44,379,H
06/07/2019,Fri,03:01,7.11,217,L
06/07/2019,Fri,07:33,10.05,306,H
06/07/2019,Fri,14:44,-2.38,-73,L
06/07/2019,Fri,22:11,12.44,379,H
06/08/2019,Sat,04:05,6.68,204,L
06/08/2019,Sat,08:36,9.37,286,H
06/08/2019,Sat,15:36,-1.47,-45,L
06/08/2019,Sat,23:01,12.4,378,H
06/09/2019,Sun,05:15,5.91,180,L
06/09/2019,Sun,09:51,8.64,263,H
06/09/2019,Sun,16:32,-0.24,-7,L
06/09/2019,Sun,23:51,12.36,377,H
06/10/2019,Mon,06:26,4.78,146,L
06/10/2019,Mon,11:18,8.1,247,H
06/10/2019,Mon,17:32,1.18,36,L
06/11/2019,Tue,00:39,12.34,376,H
06/11/2019,Tue,07:29,3.35,102,L
06/11/2019,Tue,12:53,8.02,244,H
06/11/2019,Tue,18:38,2.62,80,L
06/12/2019,Wed,01:24,12.32,376,H
06/12/2019,Wed,08:23,1.82,55,L
06/12/2019,Wed,14:27,8.52,260,H
06/12/2019,Wed,19:47,3.94,120,L
06/13/2019,Thu,02:06,12.26,374,H
06/13/2019,Thu,09:10,0.38,12,L
06/13/2019,Thu,15:49,9.41,287,H
06/13/2019,Thu,20:55,5.03,153,L
06/14/2019,Fri,02:45,12.13,370,H
06/14/2019,Fri,09:52,-0.83,-25,L
06/14/2019,Fri,16:56,10.36,316,H
06/14/2019,Fri,21:58,5.88,179,L
06/15/2019,Sat,03:23,11.9,363,H
06/15/2019,Sat,10:31,-1.71,-52,L
06/15/2019,Sat,17:51,11.16,340,H
06/15/2019,Sat,22:56,6.48,198,L
06/16/2019,Sun,04:00,11.57,353,H
06/16/2019,Sun,11:09,-2.24,-68,L
06/16/2019,Sun,18:39,11.72,357,H
06/16/2019,Sun,23:50,6.88,210,L
06/17/2019,Mon,04:38,11.16,340,H
06/17/2019,Mon,11:46,-2.43,-74,L
06/17/2019,Mon,19:21,12.04,367,H
06/18/2019,Tue,00:41,7.09,216,L
06/18/2019,Tue,05:17,10.69,326,H
06/18/2019,Tue,12:23,-2.35,-72,L
06/18/2019,Tue,20:00,12.16,371,H
06/19/2019,Wed,01:30,7.13,217,L
06/19/2019,Wed,05:57,10.18,310,H
06/19/2019,Wed,13:02,-2.04,-62,L
06/19/2019,Wed,20:35,12.16,371,H
06/20/2019,Thu,02:18,7.03,214,L
06/20/2019,Thu,06:40,9.64,294,H
06/20/2019,Thu,13:41,-1.54,-47,L
06/20/2019,Thu,21:11,12.07,368,H
06/21/2019,Fri,03:07,6.8,207,L
06/21/2019,Fri,07:26,9.08,277,H
06/21/2019,Fri,14:21,-0.87,-27,L
06/21/2019,Fri,21:46,11.95,364,H
06/22/2019,Sat,03:58,6.44,196,L
06/22/2019,Sat,08:18,8.48,258,H
06/22/2019,Sat,15:02,-0.03,-1,L
06/22/2019,Sat,22:23,11.81,360,H
06/23/2019,Sun,04:53,5.93,181,L
06/23/2019,Sun,09:16,7.89,240,H
06/23/2019,Sun,15:46,0.98,30,L
06/23/2019,Sun,23:02,11.68,356,H
06/24/2019,Mon,05:48,5.25,160,L
06/24/2019,Mon,10:25,7.39,225,H
06/24/2019,Mon,16:32,2.14,65,L
06/24/2019,Mon,23:41,11.54,352,H
06/25/2019,Tue,06:41,4.38,134,L
06/25/2019,Tue,11:44,7.15,218,H
06/25/2019,Tue,17:23,3.38,103,L
06/26/2019,Wed,00:19,11.42,348,H
06/26/2019,Wed,07:28,3.36,102,L
06/26/2019,Wed,13:10,7.33,223,H
06/26/2019,Wed,18:21,4.59,140,L
06/27/2019,Thu,00:58,11.31,345,H
06/27/2019,Thu,08:08,2.22,68,L
06/27/2019,Thu,14:37,7.97,243,H
06/27/2019,Thu,19:26,5.65,172,L
06/28/2019,Fri,01:35,11.23,342,H
06/28/2019,Fri,08:46,1.02,31,L
06/28/2019,Fri,15:49,8.9,271,H
06/28/2019,Fri,20:32,6.47,197,L
06/29/2019,Sat,02:11,11.21,342,H
06/29/2019,Sat,09:23,-0.18,-5,L
06/29/2019,Sat,16:46,9.87,301,H
06/29/2019,Sat,21:33,7.03,214,L
06/30/2019,Sun,02:47,11.22,342,H
06/30/2019,Sun,10:01,-1.3,-40,L
06/30/2019,Sun,17:32,10.75,328,H
06/30/2019,Sun,22:28,7.37,225,L
07/01/2019,Mon,03:25,11.27,344,H
07/01/2019,Mon,10:41,-2.27,-69,L
07/01/2019,Mon,18:13,11.46,349,H
07/01/2019,Mon,23:18,7.51,229,L
07/02/2019,Tue,04:06,11.32,345,H
07/02/2019,Tue,11:22,-2.99,-91,L
07/02/2019,Tue,18:54,12.01,366,H
07/03/2019,Wed,00:07,7.47,228,L
07/03/2019,Wed,04:51,11.3,344,H
07/03/2019,Wed,12:06,-3.41,-104,L
07/03/2019,Wed,19:35,12.38,377,H
07/04/2019,Thu,00:57,7.24,221,L
07/04/2019,Thu,05:39,11.15,340,H
07/04/2019,Thu,12:52,-3.44,-105,L
07/04/2019,Thu,20:16,12.62,385,H
07/05/2019,Fri,01:48,6.82,208,L
07/05/2019,Fri,06:33,10.82,330,H
07/05/2019,Fri,13:39,-3.04,-93,L
07/05/2019,Fri,20:59,12.75,389,H
07/06/2019,Sat,02:43,6.21,189,L
07/06/2019,Sat,07:32,10.27,313,H
07/06/2019,Sat,14:27,-2.18,-66,L
07/06/2019,Sat,21:42,12.79,390,H
07/07/2019,Sun,03:42,5.41,165,L
07/07/2019,Sun,08:37,9.55,291,H
07/07/2019,Sun,15:17,-0.9,-27,L
07/07/2019,Sun,22:25,12.75,389,H
07/08/2019,Mon,04:45,4.42,135,L
07/08/2019,Mon,09:52,8.8,268,H
07/08/2019,Mon,16:10,0.73,22,L
07/08/2019,Mon,23:09,12.63,385,H
07/09/2019,Tue,05:50,3.26,99,L
07/09/2019,Tue,11:18,8.27,252,H
07/09/2019,Tue,17:08,2.52,77,L
07/09/2019,Tue,23:54,12.44,379,H
07/10/2019,Wed,06:52,2.01,61,L
07/10/2019,Wed,12:56,8.24,251,H
07/10/2019,Wed,18:14,4.25,130,L
07/11/2019,Thu,00:39,12.19,372,H
07/11/2019,Thu,07:50,0.78,24,L
07/11/2019,Thu,14:39,8.86,270,H
07/11/2019,Thu,19:30,5.65,172,L
07/12/2019,Fri,01:26,11.88,362,H
07/12/2019,Fri,08:42,-0.29,-9,L
07/12/2019,Fri,16:03,9.85,300,H
07/12/2019,Fri,20:49,6.55,200,L
07/13/2019,Sat,02:11,11.56,352,H
07/13/2019,Sat,09:28,-1.1,-34,L
07/13/2019,Sat,17:05,10.78,329,H
07/13/2019,Sat,22:00,6.99,213,L
07/14/2019,Sun,02:56,11.22,342,H
07/14/2019,Sun,10:10,-1.62,-49,L
07/14/2019,Sun,17:54,11.44,349,H
07/14/2019,Sun,23:00,7.13,217,L
07/15/2019,Mon,03:39,10.9,332,H
07/15/2019,Mon,10:50,-1.87,-57,L
07/15/2019,Mon,18:35,11.8,360,H
07/15/2019,Mon,23:50,7.1,216,L
07/16/2019,Tue,04:22,10.59,323,H
07/16/2019,Tue,11:27,-1.9,-58,L
07/16/2019,Tue,19:09,11.93,364,H
07/17/2019,Wed,00:34,6.96,212,L
07/17/2019,Wed,05:03,10.29,314,H
07/17/2019,Wed,12:04,-1.76,-54,L
07/17/2019,Wed,19:39,11.94,364,H
07/18/2019,Thu,01:13,6.74,205,L
07/18/2019,Thu,05:45,9.99,304,H
07/18/2019,Thu,12:41,-1.47,-45,L
07/18/2019,Thu,20:05,11.9,363,H
07/19/2019,Fri,01:50,6.43,196,L
07/19/2019,Fri,06:28,9.67,295,H
07/19/2019,Fri,13:18,-1.02,-31,L
07/19/2019,Fri,20:32,11.87,362,H
07/20/2019,Sat,02:27,6.03,184,L
07/20/2019,Sat,07:12,9.3,283,H
07/20/2019,Sat,13:55,-0.39,-12,L
07/20/2019,Sat,21:01,11.84,361,H
07/21/2019,Sun,03:06,5.54,169,L
07/21/2019,Sun,08:00,8.87,270,H
07/21/2019,Sun,14:32,0.46,14,L
07/21/2019,Sun,21:33,11.78,359,H
07/22/2019,Mon,03:49,4.96,151,L
07/22/2019,Mon,08:53,8.41,256,H
07/22/2019,Mon,15:11,1.52,46,L
07/22/2019,Mon,22:06,11.66,355,H
07/23/2019,Tue,04:34,4.3,131,L
07/23/2019,Tue,09:54,7.98,243,H
07/23/2019,Tue,15:51,2.77,84,L
07/23/2019,Tue,22:41,11.48,350,H
07/24/2019,Wed,05:23,3.54,108,L
07/24/2019,Wed,11:05,7.72,235,H
07/24/2019,Wed,16:37,4.13,126,L
07/24/2019,Wed,23:18,11.25,343,H
07/25/2019,Thu,06:14,2.67,81,L
07/25/2019,Thu,12:28,7.8,238,H
07/25/2019,Thu,17:32,5.47,167,L
07/25/2019,Thu,23:57,11.03,336,H
07/26/2019,Fri,07:05,1.69,52,L
07/26/2019,Fri,14:02,8.33,254,H
07/26/2019,Fri,18:42,6.59,201,L
07/27/2019,Sat,00:40,10.87,331,H
07/27/2019,Sat,07:55,0.62,19,L
07/27/2019,Sat,15:27,9.21,281,H
07/27/2019,Sat,20:02,7.32,223,L
07/28/2019,Sun,01:25,10.83,330,H
07/28/2019,Sun,08:43,-0.46,-14,L
07/28/2019,Sun,16:27,10.14,309,H
07/28/2019,Sun,21:13,7.61,232,L
07/29/2019,Mon,02:12,10.92,333,H
07/29/2019,Mon,09:30,-1.49,-45,L
07/29/2019,Mon,17:12,10.93,333,H
07/29/2019,Mon,22:11,7.57,231,L
07/30/2019,Tue,03:01,11.11,339,H
07/30/2019,Tue,10:17,-2.36,-72,L
07/30/2019,Tue,17:51,11.56,352,H
07/30/2019,Tue,23:01,7.29,222,L
07/31/2019,Wed,03:51,11.32,345,H
07/31/2019,Wed,11:03,-2.95,-90,L
07/31/2019,Wed,18:28,12.02,366,H
07/31/2019,Wed,23:49,6.8,207,L
08/01/2019,Thu,04:43,11.45,349,H
08/01/2019,Thu,11:49,-3.18,-97,L
08/01/2019,Thu,19:05,12.36,377,H
08/02/2019,Fri,00:36,6.14,187,L
08/02/2019,Fri,05:37,11.41,348,H
08/02/2019,Fri,12:36,-2.96,-90,L
08/02/2019,Fri,19:43,12.58,383,H
08/03/2019,Sat,01:25,5.34,163,L
08/03/2019,Sat,06:34,11.14,340,H
08/03/2019,Sat,13:22,-2.25,-69,L
08/03/2019,Sat,20:21,12.71,387,H
08/04/2019,Sun,02:16,4.44,135,L
08/04/2019,Sun,07:34,10.64,324,H
08/04/2019,Sun,14:10,-1.08,-33,L
08/04/2019,Sun,21:00,12.72,388,H
08/05/2019,Mon,03:10,3.5,107,L
08/05/2019,Mon,08:39,9.99,304,H
08/05/2019,Mon,14:58,0.48,15,L
08/05/2019,Mon,21:40,12.59,384,H
08/06/2019,Tue,04:07,2.6,79,L
08/06/2019,Tue,09:51,9.33,284,H
08/06/2019,Tue,15:50,2.29,70,L
08/06/2019,Tue,22:23,12.31,375,H
08/07/2019,Wed,05:07,1.77,54,L
08/07/2019,Wed,11:15,8.88,271,H
08/07/2019,Wed,16:48,4.12,126,L
08/07/2019,Wed,23:08,11.88,362,H
08/08/2019,Thu,06:09,1.03,31,L
08/08/2019,Thu,12:57,8.92,272,H
08/08/2019,Thu,18:01,5.7,174,L
08/08/2019,Thu,23:58,11.38,347,H
08/09/2019,Fri,07:11,0.39,12,L
08/09/2019,Fri,14:41,9.54,291,H
08/09/2019,Fri,19:32,6.71,205,L
08/10/2019,Sat,00:53,10.89,332,H
08/10/2019,Sat,08:10,-0.16,-5,L
08/10/2019,Sat,15:58,10.39,317,H
08/10/2019,Sat,21:01,7.01,214,L
08/11/2019,Sun,01:49,10.51,320,H
08/11/2019,Sun,09:03,-0.56,-17,L
08/11/2019,Sun,16:53,11.07,337,H
08/11/2019,Sun,22:10,6.88,210,L
08/12/2019,Mon,02:44,10.27,313,H
08/12/2019,Mon,09:50,-0.82,-25,L
08/12/2019,Mon,17:36,11.46,349,H
08/12/2019,Mon,23:01,6.6,201,L
08/13/2019,Tue,03:34,10.14,309,H
08/13/2019,Tue,10:32,-0.93,-28,L
08/13/2019,Tue,18:10,11.59,353,H
08/13/2019,Tue,23:41,6.29,192,L
08/14/2019,Wed,04:20,10.08,307,H
08/14/2019,Wed,11:10,-0.9,-27,L
08/14/2019,Wed,18:37,11.57,353,H
08/15/2019,Thu,00:14,5.97,182,L
08/15/2019,Thu,05:01,10.03,306,H
08/15/2019,Thu,11:46,-0.74,-23,L
08/15/2019,Thu,18:59,11.51,351,H
08/16/2019,Fri,00:44,5.59,170,L
08/16/2019,Fri,05:41,9.96,304,H
08/16/2019,Fri,12:21,-0.44,-13,L
08/16/2019,Fri,19:20,11.49,350,H
08/17/2019,Sat,01:13,5.14,157,L
08/17/2019,Sat,06:21,9.85,300,H
08/17/2019,Sat,12:55,0.03,1,L
08/17/2019,Sat,19:44,11.5,351,H
08/18/2019,Sun,01:43,4.6,140,L
08/18/2019,Sun,07:03,9.68,295,H
08/18/2019,Sun,13:29,0.7,21,L
08/18/2019,Sun,20:10,11.5,351,H
08/19/2019,Mon,02:17,4.01,122,L
08/19/2019,Mon,07:48,9.45,288,H
08/19/2019,Mon,14:04,1.59,48,L
08/19/2019,Mon,20:38,11.44,349,H
08/20/2019,Tue,02:54,3.4,104,L
08/20/2019,Tue,08:37,9.17,280,H
08/20/2019,Tue,14:41,2.66,81,L
08/20/2019,Tue,21:09,11.27,344,H
08/21/2019,Wed,03:35,2.81,86,L
08/21/2019,Wed,09:32,8.9,271,H
08/21/2019,Wed,15:20,3.88,118,L
08/21/2019,Wed,21:42,11,335,H
08/22/2019,Thu,04:21,2.25,69,L
08/22/2019,Thu,10:36,8.7,265,H
08/22/2019,Thu,16:05,5.15,157,L
08/22/2019,Thu,22:18,10.67,325,H
08/23/2019,Fri,05:12,1.69,52,L
08/23/2019,Fri,11:53,8.7,265,H
08/23/2019,Fri,17:02,6.34,193,L
08/23/2019,Fri,23:00,10.35,315,H
08/24/2019,Sat,06:08,1.09,33,L
08/24/2019,Sat,13:25,9.03,275,H
08/24/2019,Sat,18:21,7.23,220,L
08/24/2019,Sat,23:51,10.14,309,H
08/25/2019,Sun,07:08,0.39,12,L
08/25/2019,Sun,14:54,9.69,295,H
08/25/2019,Sun,19:51,7.57,231,L
08/26/2019,Mon,00:50,10.12,308,H
08/26/2019,Mon,08:07,-0.41,-12,L
08/26/2019,Mon,15:55,10.43,318,H
08/26/2019,Mon,21:04,7.38,225,L
08/27/2019,Tue,01:51,10.33,315,H
08/27/2019,Tue,09:03,-1.2,-37,L
08/27/2019,Tue,16:38,11.07,337,H
08/27/2019,Tue,21:58,6.86,209,L
08/28/2019,Wed,02:51,10.72,327,H
08/28/2019,Wed,09:55,-1.83,-56,L
08/28/2019,Wed,17:14,11.57,353,H
08/28/2019,Wed,22:44,6.1,186,L
08/29/2019,Thu,03:48,11.13,339,H
08/29/2019,Thu,10:44,-2.17,-66,L
08/29/2019,Thu,17:49,11.96,365,H
08/29/2019,Thu,23:28,5.17,158,L
08/30/2019,Fri,04:44,11.44,349,H
08/30/2019,Fri,11:31,-2.08,-63,L
08/30/2019,Fri,18:23,12.25,373,H
08/31/2019,Sat,00:13,4.13,126,L
08/31/2019,Sat,05:39,11.55,352,H
08/31/2019,Sat,12:17,-1.52,-46,L
08/31/2019,Sat,18:58,12.44,379,H
09/01/2019,Sun,00:59,3.06,93,L
09/01/2019,Sun,06:36,11.43,348,H
09/01/2019,Sun,13:04,-0.52,-16,L
09/01/2019,Sun,19:34,12.49,381,H
09/02/2019,Mon,01:46,2.08,63,L
09/02/2019,Mon,07:36,11.1,338,H
09/02/2019,Mon,13:51,0.86,26,L
09/02/2019,Mon,20:12,12.37,377,H
09/03/2019,Tue,02:35,1.28,39,L
09/03/2019,Tue,08:39,10.64,324,H
09/03/2019,Tue,14:40,2.46,75,L
09/03/2019,Tue,20:51,12.05,367,H
09/04/2019,Wed,03:27,0.75,23,L
09/04/2019,Wed,09:49,10.16,310,H
09/04/2019,Wed,15:34,4.11,125,L
09/04/2019,Wed,21:34,11.52,351,H
09/05/2019,Thu,04:22,0.49,15,L
09/05/2019,Thu,11:10,9.83,300,H
09/05/2019,Thu,16:38,5.59,170,L
09/05/2019,Thu,22:22,10.84,330,H
09/06/2019,Fri,05:22,0.44,13,L
09/06/2019,Fri,12:46,9.85,300,H
09/06/2019,Fri,18:04,6.62,202,L
09/06/2019,Fri,23:19,10.13,309,H
09/07/2019,Sat,06:26,0.48,15,L
09/07/2019,Sat,14:21,10.25,312,H
09/07/2019,Sat,19:50,6.88,210,L
09/08/2019,Sun,00:26,9.58,292,H
09/08/2019,Sun,07:32,0.49,15,L
09/08/2019,Sun,15:31,10.77,328,H
09/08/2019,Sun,21:12,6.52,199,L
09/09/2019,Mon,01:37,9.31,284,H
09/09/2019,Mon,08:33,0.42,13,L
09/09/2019,Mon,16:20,11.13,339,H
09/09/2019,Mon,22:07,5.98,182,L
09/10/2019,Tue,02:42,9.34,285,H
09/10/2019,Tue,09:25,0.34,10,L
09/10/2019,Tue,16:58,11.29,344,H
09/10/2019,Tue,22:47,5.44,166,L
09/11/2019,Wed,03:36,9.51,290,H
09/11/2019,Wed,10:10,0.33,10,L
09/11/2019,Wed,17:26,11.29,344,H
09/11/2019,Wed,23:19,4.96,151,L
09/12/2019,Thu,04:21,9.72,296,H
09/12/2019,Thu,10:49,0.43,13,L
09/12/2019,Thu,17:48,11.23,342,H
09/12/2019,Thu,23:45,4.47,136,L
09/13/2019,Fri,05:01,9.9,302,H
09/13/2019,Fri,11:24,0.68,21,L
09/13/2019,Fri,18:06,11.19,341,H
09/14/2019,Sat,00:09,3.93,120,L
09/14/2019,Sat,05:40,10.03,306,H
09/14/2019,Sat,11:57,1.09,33,L
09/14/2019,Sat,18:26,11.19,341,H
09/15/2019,Sun,00:34,3.33,101,L
09/15/2019,Sun,06:18,10.12,308,H
09/15/2019,Sun,12:31,1.67,51,L
09/15/2019,Sun,18:49,11.2,341,H
09/16/2019,Mon,01:02,2.68,82,L
09/16/2019,Mon,06:58,10.17,310,H
09/16/2019,Mon,13:04,2.41,73,L
09/16/2019,Mon,19:14,11.16,340,H
09/17/2019,Tue,01:34,2.05,62,L
09/17/2019,Tue,07:40,10.17,310,H
09/17/2019,Tue,13:40,3.29,100,L
09/17/2019,Tue,19:42,11.01,336,H
09/18/2019,Wed,02:09,1.49,45,L
09/18/2019,Wed,08:26,10.12,308,H
09/18/2019,Wed,14:18,4.27,130,L
09/18/2019,Wed,20:11,10.76,328,H
09/19/2019,Thu,02:48,1.05,32,L
09/19/2019,Thu,09:18,10,305,H
09/19/2019,Thu,14:59,5.3,162,L
09/19/2019,Thu,20:43,10.41,317,H
09/20/2019,Fri,03:32,0.76,23,L
09/20/2019,Fri,10:18,9.87,301,H
09/20/2019,Fri,15:49,6.29,192,L
09/20/2019,Fri,21:19,10.02,305,H
09/21/2019,Sat,04:23,0.58,18,L
09/21/2019,Sat,11:29,9.8,299,H
09/21/2019,Sat,16:54,7.09,216,L
09/21/2019,Sat,22:06,9.62,293,H
09/22/2019,Sun,05:22,0.46,14,L
09/22/2019,Sun,12:53,9.95,303,H
09/22/2019,Sun,18:23,7.48,228,L
09/22/2019,Sun,23:11,9.33,284,H
09/23/2019,Mon,06:27,0.25,8,L
09/23/2019,Mon,14:13,10.36,316,H
09/23/2019,Mon,19:54,7.23,220,L
09/24/2019,Tue,00:28,9.31,284,H
09/24/2019,Tue,07:33,-0.07,-2,L
09/24/2019,Tue,15:10,10.87,331,H
09/24/2019,Tue,20:57,6.5,198,L
09/25/2019,Wed,01:43,9.64,294,H
09/25/2019,Wed,08:36,-0.44,-13,L
09/25/2019,Wed,15:53,11.35,346,H
09/25/2019,Wed,21:44,5.48,167,L
09/26/2019,Thu,02:50,10.2,311,H
09/26/2019,Thu,09:31,-0.65,-20,L
09/26/2019,Thu,16:29,11.76,358,H
09/26/2019,Thu,22:26,4.27,130,L
09/27/2019,Fri,03:51,10.8,329,H
09/27/2019,Fri,10:23,-0.56,-17,L
09/27/2019,Fri,17:02,12.09,369,H
09/27/2019,Fri,23:08,2.96,90,L
09/28/2019,Sat,04:48,11.3,344,H
09/28/2019,Sat,11:11,-0.07,-2,L
09/28/2019,Sat,17:35,12.3,375,H
09/28/2019,Sat,23:49,1.68,51,L
09/29/2019,Sun,05:44,11.61,354,H
09/29/2019,Sun,11:58,0.8,24,L
09/29/2019,Sun,18:09,12.38,377,H
09/30/2019,Mon,00:32,0.56,17,L
09/30/2019,Mon,06:41,11.72,357,H
09/30/2019,Mon,12:45,1.95,59,L
09/30/2019,Mon,18:45,12.28,374,H
10/01/2019,Tue,01:16,-0.27,-8,L
10/01/2019,Tue,07:39,11.65,355,H
10/01/2019,Tue,13:34,3.27,100,L
10/01/2019,Tue,19:22,11.94,364,H
10/02/2019,Wed,02:01,-0.71,-22,L
10/02/2019,Wed,08:39,11.44,349,H
10/02/2019,Wed,14:25,4.59,140,L
10/02/2019,Wed,20:01,11.38,347,H
10/03/2019,Thu,02:49,-0.76,-23,L
10/03/2019,Thu,09:44,11.16,340,H
10/03/2019,Thu,15:24,5.76,176,L
10/03/2019,Thu,20:45,10.62,324,H
10/04/2019,Fri,03:39,-0.43,-13,L
10/04/2019,Fri,10:57,10.9,332,H
10/04/2019,Fri,16:38,6.62,202,L
10/04/2019,Fri,21:37,9.76,297,H
10/05/2019,Sat,04:35,0.13,4,L
10/05/2019,Sat,12:20,10.78,329,H
10/05/2019,Sat,18:19,6.9,210,L
10/05/2019,Sat,22:41,8.94,272,H
10/06/2019,Sun,05:38,0.77,23,L
10/06/2019,Sun,13:40,10.86,331,H
10/06/2019,Sun,19:59,6.48,198,L
10/07/2019,Mon,00:01,8.4,256,H
10/07/2019,Mon,06:46,1.26,38,L
10/07/2019,Mon,14:43,11.03,336,H
10/07/2019,Mon,21:03,5.74,175,L
10/08/2019,Tue,01:24,8.31,253,H
10/08/2019,Tue,07:53,1.54,47,L
10/08/2019,Tue,15:29,11.16,340,H
10/08/2019,Tue,21:48,4.97,151,L
10/09/2019,Wed,02:36,8.58,262,H
10/09/2019,Wed,08:51,1.7,52,L
10/09/2019,Wed,16:03,11.2,341,H
10/09/2019,Wed,22:21,4.25,130,L
10/10/2019,Thu,03:33,9.02,275,H
10/10/2019,Thu,09:40,1.86,57,L
10/10/2019,Thu,16:28,11.19,341,H
10/10/2019,Thu,22:48,3.57,109,L
10/11/2019,Fri,04:19,9.46,288,H
10/11/2019,Fri,10:20,2.14,65,L
10/11/2019,Fri,16:48,11.17,340,H
10/11/2019,Fri,23:11,2.88,88,L
10/12/2019,Sat,05:00,9.86,301,H
10/12/2019,Sat,10:57,2.55,78,L
10/12/2019,Sat,17:08,11.17,340,H
10/12/2019,Sat,23:33,2.17,66,L
10/13/2019,Sun,05:39,10.22,312,H
10/13/2019,Sun,11:32,3.1,94,L
10/13/2019,Sun,17:30,11.17,340,H
10/13/2019,Sun,23:58,1.43,44,L
10/14/2019,Mon,06:16,10.54,321,H
10/14/2019,Mon,12:06,3.75,114,L
10/14/2019,Mon,17:54,11.12,339,H
10/15/2019,Tue,00:26,0.72,22,L
10/15/2019,Tue,06:55,10.81,329,H
10/15/2019,Tue,12:42,4.47,136,L
10/15/2019,Tue,18:20,11,335,H
10/16/2019,Wed,00:58,0.1,3,L
10/16/2019,Wed,07:36,11.02,336,H
10/16/2019,Wed,13:20,5.23,159,L
10/16/2019,Wed,18:47,10.78,329,H
10/17/2019,Thu,01:33,-0.34,-10,L
10/17/2019,Thu,08:21,11.14,340,H
10/17/2019,Thu,14:02,5.97,182,L
10/17/2019,Thu,19:16,10.48,319,H
10/18/2019,Fri,02:13,-0.58,-18,L
10/18/2019,Fri,09:11,11.14,340,H
10/18/2019,Fri,14:49,6.67,203,L
10/18/2019,Fri,19:49,10.1,308,H
10/19/2019,Sat,02:57,-0.59,-18,L
10/19/2019,Sat,10:07,11.05,337,H
10/19/2019,Sat,15:46,7.22,220,L
10/19/2019,Sat,20:29,9.64,294,H
10/20/2019,Sun,03:48,-0.39,-12,L
10/20/2019,Sun,11:13,10.96,334,H
10/20/2019,Sun,16:59,7.49,228,L
10/20/2019,Sun,21:25,9.13,278,H
10/21/2019,Mon,04:46,-0.06,-2,L
10/21/2019,Mon,12:24,11,335,H
10/21/2019,Mon,18:30,7.25,221,L
10/21/2019,Mon,22:46,8.71,265,H
10/22/2019,Tue,05:52,0.3,9,L
10/22/2019,Tue,13:30,11.22,342,H
10/22/2019,Tue,19:48,6.44,196,L
10/23/2019,Wed,00:17,8.64,263,H
10/23/2019,Wed,07:01,0.59,18,L
10/23/2019,Wed,14:22,11.54,352,H
10/23/2019,Wed,20:43,5.23,159,L
10/24/2019,Thu,01:41,9.02,275,H
10/24/2019,Thu,08:07,0.85,26,L
10/24/2019,Thu,15:04,11.88,362,H
10/24/2019,Thu,21:27,3.79,116,L
10/25/2019,Fri,02:54,9.71,296,H
10/25/2019,Fri,09:06,1.22,37,L
10/25/2019,Fri,15:41,12.19,372,H
10/25/2019,Fri,22:07,2.25,69,L
10/26/2019,Sat,03:58,10.48,319,H
10/26/2019,Sat,10:00,1.79,55,L
10/26/2019,Sat,16:15,12.42,379,H
10/26/2019,Sat,22:47,0.76,23,L
10/27/2019,Sun,04:57,11.19,341,H
10/27/2019,Sun,10:51,2.59,79,L
10/27/2019,Sun,16:48,12.51,381,H
10/27/2019,Sun,23:27,-0.52,-16,L
10/28/2019,Mon,05:53,11.75,358,H
10/28/2019,Mon,11:40,3.56,109,L
10/28/2019,Mon,17:23,12.42,379,H
10/29/2019,Tue,00:07,-1.45,-44,L
10/29/2019,Tue,06:48,12.11,369,H
10/29/2019,Tue,12:30,4.58,140,L
10/29/2019,Tue,17:58,12.11,369,H
10/30/2019,Wed,00:48,-1.95,-59,L
10/30/2019,Wed,07:43,12.27,374,H
10/30/2019,Wed,13:21,5.54,169,L
10/30/2019,Wed,18:36,11.58,353,H
10/31/2019,Thu,01:31,-2,-61,L
10/31/2019,Thu,08:38,12.25,373,H
10/31/2019,Thu,14:17,6.33,193,L
10/31/2019,Thu,19:17,10.86,331,H
11/01/2019,Fri,02:15,-1.62,-49,L
11/01/2019,Fri,09:35,12.09,369,H
11/01/2019,Fri,15:20,6.88,210,L
11/01/2019,Fri,20:02,9.99,304,H
11/02/2019,Sat,03:02,-0.91,-28,L
11/02/2019,Sat,10:36,11.84,361,H
11/02/2019,Sat,16:38,7.09,216,L
11/02/2019,Sat,20:56,9.07,276,H
11/03/2019,Sun,02:53,0.01,0,L
11/03/2019,Sun,10:40,11.6,354,H
11/03/2019,Sun,17:16,6.83,208,L
11/03/2019,Sun,21:04,8.24,251,H
11/04/2019,Mon,03:49,0.99,30,L
11/04/2019,Mon,11:43,11.44,349,H
11/04/2019,Mon,18:39,6.11,186,L
11/04/2019,Mon,22:28,7.69,234,H
11/05/2019,Tue,04:53,1.88,57,L
11/05/2019,Tue,12:38,11.37,347,H
11/05/2019,Tue,19:35,5.21,159,L
11/05/2019,Tue,23:58,7.63,233,H
11/06/2019,Wed,06:00,2.59,79,L
11/06/2019,Wed,13:21,11.35,346,H
11/06/2019,Wed,20:15,4.29,131,L
11/07/2019,Thu,01:18,8.01,244,H
11/07/2019,Thu,07:04,3.13,95,L
11/07/2019,Thu,13:55,11.35,346,H
11/07/2019,Thu,20:46,3.38,103,L
11/08/2019,Fri,02:22,8.62,263,H
11/08/2019,Fri,07:58,3.6,110,L
11/08/2019,Fri,14:22,11.37,347,H
11/08/2019,Fri,21:11,2.49,76,L
11/09/2019,Sat,03:14,9.29,283,H
11/09/2019,Sat,08:45,4.11,125,L
11/09/2019,Sat,14:47,11.38,347,H
11/09/2019,Sat,21:34,1.6,49,L
11/10/2019,Sun,03:58,9.95,303,H
11/10/2019,Sun,09:27,4.67,142,L
11/10/2019,Sun,15:12,11.38,347,H
11/10/2019,Sun,21:58,0.72,22,L
11/11/2019,Mon,04:38,10.55,322,H
11/11/2019,Mon,10:06,5.26,160,L
11/11/2019,Mon,15:37,11.34,346,H
11/11/2019,Mon,22:24,-0.12,-4,L
11/12/2019,Tue,05:16,11.09,338,H
11/12/2019,Tue,10:44,5.86,179,L
11/12/2019,Tue,16:03,11.25,343,H
11/12/2019,Tue,22:55,-0.84,-26,L
11/13/2019,Wed,05:55,11.54,352,H
11/13/2019,Wed,11:24,6.41,195,L
11/13/2019,Wed,16:31,11.1,338,H
11/13/2019,Wed,23:28,-1.4,-43,L
11/14/2019,Thu,06:35,11.88,362,H
11/14/2019,Thu,12:06,6.9,210,L
11/14/2019,Thu,17:01,10.88,332,H
11/15/2019,Fri,00:06,-1.72,-52,L
11/15/2019,Fri,07:18,12.09,369,H
11/15/2019,Fri,12:52,7.29,222,L
11/15/2019,Fri,17:35,10.58,322,H
11/16/2019,Sat,00:47,-1.78,-54,L
11/16/2019,Sat,08:06,12.15,370,H
11/16/2019,Sat,13:44,7.55,230,L
11/16/2019,Sat,18:14,10.17,310,H
11/17/2019,Sun,01:33,-1.54,-47,L
11/17/2019,Sun,08:58,12.12,369,H
11/17/2019,Sun,14:45,7.6,232,L
11/17/2019,Sun,19:03,9.63,294,H
11/18/2019,Mon,02:23,-1.02,-31,L
11/18/2019,Mon,09:54,12.06,368,H
11/18/2019,Mon,15:57,7.32,223,L
11/18/2019,Mon,20:10,8.99,274,H
11/19/2019,Tue,03:19,-0.25,-8,L
11/19/2019,Tue,10:51,12.05,367,H
11/19/2019,Tue,17:16,6.58,201,L
11/19/2019,Tue,21:37,8.44,257,H
11/20/2019,Wed,04:21,0.68,21,L
11/20/2019,Wed,11:46,12.14,370,H
11/20/2019,Wed,18:26,5.36,163,L
11/20/2019,Wed,23:12,8.28,252,H
11/21/2019,Thu,05:28,1.66,51,L
11/21/2019,Thu,12:34,12.3,375,H
11/21/2019,Thu,19:20,3.83,117,L
11/22/2019,Fri,00:43,8.66,264,H
11/22/2019,Fri,06:36,2.62,80,L
11/22/2019,Fri,13:16,12.49,381,H
11/22/2019,Fri,20:05,2.16,66,L
11/23/2019,Sat,02:04,9.46,288,H
11/23/2019,Sat,07:41,3.54,108,L
11/23/2019,Sat,13:55,12.64,385,H
11/23/2019,Sat,20:47,0.55,17,L
11/24/2019,Sun,03:13,10.43,318,H
11/24/2019,Sun,08:40,4.42,135,L
11/24/2019,Sun,14:31,12.69,387,H
11/24/2019,Sun,21:27,-0.83,-25,L
11/25/2019,Mon,04:13,11.34,346,H
11/25/2019,Mon,09:36,5.26,160,L
11/25/2019,Mon,15:07,12.6,384,H
11/25/2019,Mon,22:06,-1.86,-57,L
11/26/2019,Tue,05:07,12.06,368,H
11/26/2019,Tue,10:29,6.02,183,L
11/26/2019,Tue,15:44,12.33,376,H
11/26/2019,Tue,22:45,-2.46,-75,L
11/27/2019,Wed,05:58,12.55,383,H
11/27/2019,Wed,11:22,6.63,202,L
11/27/2019,Wed,16:21,11.89,362,H
11/27/2019,Wed,23:25,-2.62,-80,L
11/28/2019,Thu,06:46,12.79,390,H
11/28/2019,Thu,12:15,7.06,215,L
11/28/2019,Thu,17:01,11.29,344,H
11/29/2019,Fri,00:05,-2.38,-73,L
11/29/2019,Fri,07:33,12.83,391,H
11/29/2019,Fri,13:11,7.29,222,L
11/29/2019,Fri,17:44,10.57,322,H
11/30/2019,Sat,00:47,-1.81,-55,L
11/30/2019,Sat,08:19,12.7,387,H
11/30/2019,Sat,14:11,7.33,223,L
11/30/2019,Sat,18:30,9.77,298,H
12/01/2019,Sun,01:31,-0.98,-30,L
12/01/2019,Sun,09:05,12.47,380,H
12/01/2019,Sun,15:18,7.13,217,L
12/01/2019,Sun,19:24,8.95,273,H
12/02/2019,Mon,02:16,0.02,1,L
12/02/2019,Mon,09:52,12.21,372,H
12/02/2019,Mon,16:33,6.68,204,L
12/02/2019,Mon,20:28,8.17,249,H
12/03/2019,Tue,03:05,1.14,35,L
12/03/2019,Tue,10:39,11.97,365,H
12/03/2019,Tue,17:46,5.95,181,L
12/03/2019,Tue,21:46,7.58,231,H
12/04/2019,Wed,03:59,2.31,70,L
12/04/2019,Wed,11:24,11.8,360,H
12/04/2019,Wed,18:42,5.03,153,L
12/04/2019,Wed,23:15,7.38,225,H
12/05/2019,Thu,04:58,3.43,105,L
12/05/2019,Thu,12:06,11.69,356,H
12/05/2019,Thu,19:24,4.01,122,L
12/06/2019,Fri,00:45,7.68,234,H
12/06/2019,Fri,06:02,4.44,135,L
12/06/2019,Fri,12:43,11.63,354,H
12/06/2019,Fri,19:57,2.95,90,L
12/07/2019,Sat,02:05,8.39,256,H
12/07/2019,Sat,07:06,5.29,161,L
12/07/2019,Sat,13:17,11.59,353,H
12/07/2019,Sat,20:26,1.89,58,L
12/08/2019,Sun,03:07,9.27,283,H
12/08/2019,Sun,08:04,6,183,L
12/08/2019,Sun,13:48,11.56,352,H
12/08/2019,Sun,20:53,0.84,26,L
12/09/2019,Mon,03:56,10.16,310,H
12/09/2019,Mon,08:56,6.59,201,L
12/09/2019,Mon,14:19,11.53,351,H
12/09/2019,Mon,21:22,-0.15,-5,L
12/10/2019,Tue,04:38,10.96,334,H
12/10/2019,Tue,09:42,7.08,216,L
12/10/2019,Tue,14:49,11.48,350,H
12/10/2019,Tue,21:53,-1.04,-32,L
12/11/2019,Wed,05:16,11.63,354,H
12/11/2019,Wed,10:26,7.45,227,L
12/11/2019,Wed,15:20,11.43,348,H
12/11/2019,Wed,22:28,-1.76,-54,L
12/12/2019,Thu,05:53,12.16,371,H
12/12/2019,Thu,11:10,7.7,235,L
12/12/2019,Thu,15:54,11.34,346,H
12/12/2019,Thu,23:05,-2.27,-69,L
12/13/2019,Fri,06:31,12.54,382,H
12/13/2019,Fri,11:55,7.82,238,L
12/13/2019,Fri,16:32,11.19,341,H
12/13/2019,Fri,23:46,-2.51,-77,L
12/14/2019,Sat,07:12,12.79,390,H
12/14/2019,Sat,12:42,7.79,237,L
12/14/2019,Sat,17:14,10.92,333,H
12/15/2019,Sun,00:29,-2.42,-74,L
12/15/2019,Sun,07:55,12.9,393,H
12/15/2019,Sun,13:34,7.59,231,L
12/15/2019,Sun,18:03,10.5,320,H
12/16/2019,Mon,01:16,-1.97,-60,L
12/16/2019,Mon,08:40,12.93,394,H
12/16/2019,Mon,14:32,7.17,219,L
12/16/2019,Mon,19:01,9.89,301,H
12/17/2019,Tue,02:04,-1.13,-34,L
12/17/2019,Tue,09:26,12.91,393,H
12/17/2019,Tue,15:36,6.47,197,L
12/17/2019,Tue,20:11,9.17,280,H
12/18/2019,Wed,02:56,0.07,2,L
12/18/2019,Wed,10:13,12.87,392,H
12/18/2019,Wed,16:44,5.43,166,L
12/18/2019,Wed,21:34,8.53,260,H
12/19/2019,Thu,03:53,1.54,47,L
12/19/2019,Thu,11:00,12.83,391,H
12/19/2019,Thu,17:50,4.06,124,L
12/19/2019,Thu,23:10,8.29,253,H
12/20/2019,Fri,04:57,3.12,95,L
12/20/2019,Fri,11:46,12.8,390,H
12/20/2019,Fri,18:48,2.5,76,L
12/21/2019,Sat,00:50,8.69,265,H
12/21/2019,Sat,06:08,4.59,140,L
12/21/2019,Sat,12:30,12.76,389,H
12/21/2019,Sat,19:39,0.95,29,L
12/22/2019,Sun,02:21,9.64,294,H
12/22/2019,Sun,07:21,5.77,176,L
12/22/2019,Sun,13:13,12.67,386,H
12/22/2019,Sun,20:25,-0.42,-13,L
12/23/2019,Mon,03:34,10.76,328,H
12/23/2019,Mon,08:30,6.61,201,L
12/23/2019,Mon,13:55,12.52,382,H
12/23/2019,Mon,21:07,-1.47,-45,L
12/24/2019,Tue,04:31,11.74,358,H
12/24/2019,Tue,09:32,7.15,218,L
12/24/2019,Tue,14:36,12.26,374,H
12/24/2019,Tue,21:47,-2.14,-65,L
12/25/2019,Wed,05:20,12.43,379,H
12/25/2019,Wed,10:29,7.44,227,L
12/25/2019,Wed,15:17,11.92,363,H
12/25/2019,Wed,22:27,-2.42,-74,L
12/26/2019,Thu,06:02,12.83,391,H
12/26/2019,Thu,11:21,7.55,230,L
12/26/2019,Thu,15:59,11.49,350,H
12/26/2019,Thu,23:06,-2.36,-72,L
12/27/2019,Fri,06:41,12.99,396,H
12/27/2019,Fri,12:10,7.5,229,L
12/27/2019,Fri,16:41,11,335,H
12/27/2019,Fri,23:45,-2.02,-62,L
12/28/2019,Sat,07:17,12.97,395,H
12/28/2019,Sat,12:58,7.34,224,L
12/28/2019,Sat,17:26,10.46,319,H
12/29/2019,Sun,00:25,-1.45,-44,L
12/29/2019,Sun,07:52,12.86,392,H
12/29/2019,Sun,13:46,7.07,215,L
12/29/2019,Sun,18:12,9.86,301,H
12/30/2019,Mon,01:05,-0.68,-21,L
12/30/2019,Mon,08:26,12.7,387,H
12/30/2019,Mon,14:35,6.69,204,L
12/30/2019,Mon,19:03,9.22,281,H
12/31/2019,Tue,01:45,0.28,9,L
12/31/2019,Tue,09:02,12.51,381,H
12/31/2019,Tue,15:27,6.19,189,L
12/31/2019,Tue,19:58,8.46,258,H