01/01/2024,Mon,01:43,0.66,20,L
01/01/2024,Mon,09:02,12.31,375,H
01/01/2024,Mon,15:31,6.01,183,L
01/01/2024,Mon,20:03,8.29,253,H
01/02/2024,Tue,02:21,1.91,58,L
01/02/2024,Tue,09:33,12.19,372,H
01/02/2024,Tue,16:20,5.14,157,L
01/02/2024,Tue,21:13,7.76,237,H
01/03/2024,Wed,03:01,3.38,103,L
01/03/2024,Wed,10:05,12.03,367,H
01/03/2024,Wed,17:09,4.13,126,L
01/03/2024,Wed,22:38,7.55,230,H
01/04/2024,Thu,03:44,4.98,152,L
01/04/2024,Thu,10:37,11.82,360,H
01/04/2024,Thu,17:55,3.02,92,L
01/05/2024,Fri,00:21,7.91,241,H
01/05/2024,Fri,04:39,6.57,200,L
01/05/2024,Fri,11:11,11.59,353,H
01/05/2024,Fri,18:39,1.84,56,L
01/06/2024,Sat,02:14,8.88,271,H
01/06/2024,Sat,05:55,7.94,242,L
01/06/2024,Sat,11:46,11.38,347,H
01/06/2024,Sat,19:21,0.66,20,L
01/07/2024,Sun,03:30,10.10,308,H
01/07/2024,Sun,07:25,8.82,269,L
01/07/2024,Sun,12:25,11.26,343,H
01/07/2024,Sun,20:03,-0.47,-14,L
01/08/2024,Mon,04:18,11.16,340,H
01/08/2024,Mon,08:42,9.20,280,L
01/08/2024,Mon,13:07,11.25,343,H
01/08/2024,Mon,20:46,-1.51,-46,L
01/09/2024,Tue,04:56,11.96,365,H
01/09/2024,Tue,09:40,9.26,282,L
01/09/2024,Tue,13:53,11.36,346,H
01/09/2024,Tue,21:29,-2.39,-73,L
01/10/2024,Wed,05:30,12.52,382,H
01/10/2024,Wed,10:26,9.09,277,L
01/10/2024,Wed,14:42,11.53,351,H
01/10/2024,Wed,22:14,-3.04,-93,L
01/11/2024,Thu,06:03,12.88,393,H
01/11/2024,Thu,11:10,8.71,265,L
01/11/2024,Thu,15:33,11.64,355,H
01/11/2024,Thu,22:59,-3.36,-102,L
01/12/2024,Fri,06:37,13.12,400,H
01/12/2024,Fri,11:54,8.13,248,L
01/12/2024,Fri,16:27,11.60,354,H
01/12/2024,Fri,23:44,-3.25,-99,L
01/13/2024,Sat,07:11,13.28,405,H
01/13/2024,Sat,12:41,7.33,223,L
01/13/2024,Sat,17:24,11.31,345,H
01/14/2024,Sun,00:30,-2.63,-80,L
01/14/2024,Sun,07:45,13.40,408,H
01/14/2024,Sun,13:32,6.33,193,L
01/14/2024,Sun,18:24,10.75,328,H
01/15/2024,Mon,01:15,-1.46,-45,L
01/15/2024,Mon,08:20,13.46,410,H
01/15/2024,Mon,14:26,5.17,158,L
01/15/2024,Mon,19:31,9.99,304,H
01/16/2024,Tue,02:01,0.22,7,L
01/16/2024,Tue,08:56,13.43,409,H
01/16/2024,Tue,15:23,3.91,119,L
01/16/2024,Tue,20:47,9.21,281,H
01/17/2024,Wed,02:49,2.27,69,L
01/17/2024,Wed,09:32,13.27,404,H
01/17/2024,Wed,16:22,2.64,80,L
01/17/2024,Wed,22:18,8.72,266,H
01/18/2024,Thu,03:41,4.47,136,L
01/18/2024,Thu,10:11,12.95,395,H
01/18/2024,Thu,17:23,1.46,45,L
01/19/2024,Fri,00:12,8.89,271,H
01/19/2024,Fri,04:48,6.51,198,L
01/19/2024,Fri,10:53,12.49,381,H
01/19/2024,Fri,18:21,0.43,13,L
01/20/2024,Sat,02:09,9.87,301,H
01/20/2024,Sat,06:18,8.01,244,L
01/20/2024,Sat,11:40,11.96,365,H
01/20/2024,Sat,19:17,-0.37,-11,L
01/21/2024,Sun,03:29,11.07,337,H
01/21/2024,Sun,08:00,8.65,264,L
01/21/2024,Sun,12:32,11.45,349,H
01/21/2024,Sun,20:08,-0.91,-28,L
01/22/2024,Mon,04:23,11.99,365,H
01/22/2024,Mon,09:20,8.61,262,L
01/22/2024,Mon,13:27,11.04,336,H
01/22/2024,Mon,20:55,-1.23,-37,L
01/23/2024,Tue,05:06,12.50,381,H
01/23/2024,Tue,10:18,8.29,253,L
01/23/2024,Tue,14:20,10.78,329,H
01/23/2024,Tue,21:38,-1.35,-41,L
01/24/2024,Wed,05:41,12.66,386,H
01/24/2024,Wed,11:02,7.91,241,L
01/24/2024,Wed,15:10,10.61,323,H
01/24/2024,Wed,22:18,-1.32,-40,L
01/25/2024,Thu,06:11,12.62,385,H
01/25/2024,Thu,11:39,7.51,229,L
01/25/2024,Thu,15:56,10.47,319,H
01/25/2024,Thu,22:56,-1.15,-35,L
01/26/2024,Fri,06:36,12.49,381,H
01/26/2024,Fri,12:11,7.08,216,L
01/26/2024,Fri,16:39,10.31,314,H
01/26/2024,Fri,23:31,-0.82,-25,L
01/27/2024,Sat,06:56,12.39,378,H
01/27/2024,Sat,12:43,6.56,200,L
01/27/2024,Sat,17:22,10.08,307,H
01/28/2024,Sun,00:06,-0.28,-9,L
01/28/2024,Sun,07:17,12.36,377,H
01/28/2024,Sun,13:15,5.94,181,L
01/28/2024,Sun,18:07,9.76,297,H
01/29/2024,Mon,00:39,0.51,16,L
01/29/2024,Mon,07:39,12.36,377,H
01/29/2024,Mon,13:49,5.22,159,L
01/29/2024,Mon,18:55,9.37,286,H
01/30/2024,Tue,01:13,1.59,48,L
01/30/2024,Tue,08:03,12.32,376,H
01/30/2024,Tue,14:26,4.44,135,L
01/30/2024,Tue,19:48,8.96,273,H
01/31/2024,Wed,01:46,2.92,89,L
01/31/2024,Wed,08:29,12.17,371,H
01/31/2024,Wed,15:07,3.64,111,L
01/31/2024,Wed,20:49,8.61,262,H
02/01/2024,Thu,02:20,4.43,135,L
02/01/2024,Thu,08:56,11.91,363,H
02/01/2024,Thu,15:51,2.85,87,L
02/01/2024,Thu,22:02,8.43,257,H
02/02/2024,Fri,02:57,6.01,183,L
02/02/2024,Fri,09:25,11.55,352,H
02/02/2024,Fri,16:40,2.08,63,L
02/02/2024,Fri,23:36,8.61,262,H
02/03/2024,Sat,03:44,7.53,230,L
02/03/2024,Sat,09:58,11.17,340,H
02/03/2024,Sat,17:33,1.30,40,L
02/04/2024,Sun,01:51,9.34,285,H
02/04/2024,Sun,05:07,8.78,268,L
02/04/2024,Sun,10:38,10.86,331,H
02/04/2024,Sun,18:30,0.46,14,L
02/05/2024,Mon,03:18,10.37,316,H
02/05/2024,Mon,07:07,9.38,286,L
02/05/2024,Mon,11:32,10.69,326,H
02/05/2024,Mon,19:26,-0.45,-14,L
02/06/2024,Tue,04:01,11.24,343,H
02/06/2024,Tue,08:36,9.31,284,L
02/06/2024,Tue,12:36,10.75,328,H
02/06/2024,Tue,20:19,-1.36,-41,L
02/07/2024,Wed,04:33,11.87,362,H
02/07/2024,Wed,09:28,8.90,271,L
02/07/2024,Wed,13:40,11.03,336,H
02/07/2024,Wed,21:09,-2.16,-66,L
02/08/2024,Thu,05:02,12.32,376,H
02/08/2024,Thu,10:09,8.26,252,L
02/08/2024,Thu,14:40,11.38,347,H
02/08/2024,Thu,21:57,-2.68,-82,L
02/09/2024,Fri,05:30,12.65,386,H
02/09/2024,Fri,10:49,7.38,225,L
02/09/2024,Fri,15:37,11.65,355,H
02/09/2024,Fri,22:43,-2.76,-84,L
02/10/2024,Sat,05:58,12.94,394,H
02/10/2024,Sat,11:31,6.28,191,L
02/10/2024,Sat,16:34,11.71,357,H
02/10/2024,Sat,23:28,-2.30,-70,L
02/11/2024,Sun,06:27,13.18,402,H
02/11/2024,Sun,12:15,5.03,153,L
02/11/2024,Sun,17:32,11.50,351,H
02/12/2024,Mon,00:11,-1.26,-38,L
02/12/2024,Mon,06:58,13.34,407,H
02/12/2024,Mon,13:02,3.73,114,L
02/12/2024,Mon,18:33,11.06,337,H
02/13/2024,Tue,00:55,0.29,9,L
02/13/2024,Tue,07:30,13.38,408,H
02/13/2024,Tue,13:51,2.51,77,L
02/13/2024,Tue,19:38,10.49,320,H
02/14/2024,Wed,01:40,2.20,67,L
02/14/2024,Wed,08:03,13.21,403,H
02/14/2024,Wed,14:42,1.51,46,L
02/14/2024,Wed,20:51,9.93,303,H
02/15/2024,Thu,02:28,4.27,130,L
02/15/2024,Thu,08:39,12.80,390,H
02/15/2024,Thu,15:36,0.82,25,L
02/15/2024,Thu,22:19,9.60,293,H
02/16/2024,Fri,03:23,6.24,190,L
02/16/2024,Fri,09:19,12.16,371,H
02/16/2024,Fri,16:34,0.43,13,L
02/17/2024,Sat,00:14,9.77,298,H
02/17/2024,Sat,04:41,7.82,238,L
02/17/2024,Sat,10:06,11.39,347,H
02/17/2024,Sat,17:38,0.24,7,L
02/18/2024,Sun,02:04,10.54,321,H
02/18/2024,Sun,06:41,8.56,261,L
02/18/2024,Sun,11:06,10.63,324,H
02/18/2024,Sun,18:43,0.12,4,L
02/19/2024,Mon,03:14,11.35,346,H
02/19/2024,Mon,08:26,8.31,253,L
02/19/2024,Mon,12:16,10.10,308,H
02/19/2024,Mon,19:44,-0.01,-0,L
02/20/2024,Tue,04:03,11.87,362,H
02/20/2024,Tue,09:29,7.70,235,L
02/20/2024,Tue,13:26,9.90,302,H
02/20/2024,Tue,20:38,-0.15,-5,L
02/21/2024,Wed,04:40,12.09,369,H
02/21/2024,Wed,10:12,7.09,216,L
02/21/2024,Wed,14:26,9.93,303,H
02/21/2024,Wed,21:24,-0.23,-7,L
02/22/2024,Thu,05:10,12.09,369,H
02/22/2024,Thu,10:46,6.53,199,L
02/22/2024,Thu,15:17,10.04,306,H
02/22/2024,Thu,22:03,-0.18,-5,L
02/23/2024,Fri,05:32,11.98,365,H
02/23/2024,Fri,11:14,5.98,182,L
02/23/2024,Fri,16:01,10.13,309,H
02/23/2024,Fri,22:38,0.05,2,L
02/24/2024,Sat,05:49,11.89,362,H
02/24/2024,Sat,11:39,5.37,164,L
02/24/2024,Sat,16:42,10.15,309,H
02/24/2024,Sat,23:11,0.49,15,L
02/25/2024,Sun,06:04,11.88,362,H
02/25/2024,Sun,12:04,4.66,142,L
02/25/2024,Sun,17:22,10.12,308,H
02/25/2024,Sun,23:42,1.17,36,L
02/26/2024,Mon,06:21,11.92,363,H
02/26/2024,Mon,12:31,3.88,118,L
02/26/2024,Mon,18:05,10.04,306,H
02/27/2024,Tue,00:14,2.08,63,L
02/27/2024,Tue,06:41,11.93,364,H
02/27/2024,Tue,13:01,3.06,93,L
02/27/2024,Tue,18:50,9.93,303,H
02/28/2024,Wed,00:46,3.19,97,L
02/28/2024,Wed,07:03,11.84,361,H
02/28/2024,Wed,13:35,2.30,70,L
02/28/2024,Wed,19:38,9.81,299,H
02/29/2024,Thu,01:19,4.45,136,L
02/29/2024,Thu,07:27,11.61,354,H
02/29/2024,Thu,14:12,1.67,51,L
02/29/2024,Thu,20:33,9.66,294,H
03/01/2024,Fri,01:54,5.76,176,L
03/01/2024,Fri,07:52,11.27,344,H
03/01/2024,Fri,14:53,1.20,37,L
03/01/2024,Fri,21:37,9.53,290,H
03/02/2024,Sat,02:34,7.04,215,L
03/02/2024,Sat,08:17,10.86,331,H
03/02/2024,Sat,15:42,0.87,27,L
03/02/2024,Sat,22:59,9.50,290,H
03/03/2024,Sun,03:27,8.18,249,L
03/03/2024,Sun,08:48,10.45,319,H
03/03/2024,Sun,16:40,0.59,18,L
03/04/2024,Mon,00:57,9.82,299,H
03/04/2024,Mon,05:03,8.98,274,L
03/04/2024,Mon,09:37,10.08,307,H
03/04/2024,Mon,17:45,0.21,6,L
03/05/2024,Tue,02:31,10.47,319,H
03/05/2024,Tue,07:14,9.02,275,L
03/05/2024,Tue,11:00,9.87,301,H
03/05/2024,Tue,18:52,-0.34,-10,L
03/06/2024,Wed,03:15,11.08,338,H
03/06/2024,Wed,08:25,8.45,258,L
03/06/2024,Wed,12:26,10.01,305,H
03/06/2024,Wed,19:53,-0.97,-30,L
03/07/2024,Thu,03:46,11.57,353,H
03/07/2024,Thu,09:08,7.56,230,L
03/07/2024,Thu,13:39,10.45,319,H
03/07/2024,Thu,20:47,-1.45,-44,L
03/08/2024,Fri,04:13,11.97,365,H
03/08/2024,Fri,09:46,6.39,195,L
03/08/2024,Fri,14:43,10.96,334,H
03/08/2024,Fri,21:37,-1.56,-48,L
03/09/2024,Sat,04:39,12.34,376,H
03/09/2024,Sat,10:25,5.00,152,L
03/09/2024,Sat,15:43,11.36,346,H
03/09/2024,Sat,22:23,-1.16,-35,L
03/10/2024,Sun,06:06,12.65,386,H
03/10/2024,Sun,12:05,3.49,106,L
03/10/2024,Sun,17:41,11.58,353,H
03/11/2024,Mon,00:07,-0.24,-7,L
03/11/2024,Mon,06:34,12.89,393,H
03/11/2024,Mon,12:47,2.00,61,L
03/11/2024,Mon,18:40,11.60,354,H
03/12/2024,Tue,00:51,1.12,34,L
03/12/2024,Tue,07:05,12.98,396,H
03/12/2024,Tue,13:31,0.72,22,L
03/12/2024,Tue,19:40,11.45,349,H
03/13/2024,Wed,01:36,2.76,84,L
03/13/2024,Wed,07:37,12.84,391,H
03/13/2024,Wed,14:15,-0.18,-5,L
03/13/2024,Wed,20:44,11.18,341,H
03/14/2024,Thu,02:24,4.48,137,L
03/14/2024,Thu,08:11,12.43,379,H
03/14/2024,Thu,15:03,-0.62,-19,L
03/14/2024,Thu,21:53,10.85,331,H
03/15/2024,Fri,03:17,6.09,186,L
03/15/2024,Fri,08:49,11.76,358,H
03/15/2024,Fri,15:53,-0.57,-17,L
03/15/2024,Fri,23:14,10.57,322,H
03/16/2024,Sat,04:23,7.38,225,L
03/16/2024,Sat,09:33,10.88,332,H
03/16/2024,Sat,16:49,-0.17,-5,L
03/17/2024,Sun,00:56,10.55,322,H
03/17/2024,Sun,06:04,8.10,247,L
03/17/2024,Sun,10:29,9.94,303,H
03/17/2024,Sun,17:53,0.36,11,L
03/18/2024,Mon,02:30,10.84,330,H
03/18/2024,Mon,08:10,7.87,240,L
03/18/2024,Mon,11:44,9.16,279,H
03/18/2024,Mon,19:05,0.78,24,L
03/19/2024,Tue,03:35,11.19,341,H
03/19/2024,Tue,09:26,7.10,216,L
03/19/2024,Tue,13:11,8.81,269,H
03/19/2024,Tue,20:14,0.95,29,L
03/20/2024,Wed,04:20,11.40,347,H
03/20/2024,Wed,10:13,6.27,191,L
03/20/2024,Wed,14:29,8.90,271,H
03/20/2024,Wed,21:13,0.98,30,L
03/21/2024,Thu,04:53,11.45,349,H
03/21/2024,Thu,10:47,5.50,168,L
03/21/2024,Thu,15:31,9.19,280,H
03/21/2024,Thu,22:00,1.06,32,L
03/22/2024,Fri,05:17,11.41,348,H
03/22/2024,Fri,11:15,4.77,145,L
03/22/2024,Fri,16:20,9.51,290,H
03/22/2024,Fri,22:39,1.31,40,L
03/23/2024,Sat,05:34,11.35,346,H
03/23/2024,Sat,11:39,4.02,123,L
03/23/2024,Sat,17:04,9.78,298,H
03/23/2024,Sat,23:14,1.77,54,L
03/24/2024,Sun,05:47,11.33,345,H
03/24/2024,Sun,12:01,3.21,98,L
03/24/2024,Sun,17:44,10.02,305,H
03/24/2024,Sun,23:46,2.43,74,L
03/25/2024,Mon,06:02,11.36,346,H
03/25/2024,Mon,12:24,2.35,72,L
03/25/2024,Mon,18:24,10.24,312,H
03/26/2024,Tue,00:18,3.25,99,L
03/26/2024,Tue,06:21,11.37,347,H
03/26/2024,Tue,12:50,1.49,45,L
03/26/2024,Tue,19:05,10.46,319,H
03/27/2024,Wed,00:51,4.18,127,L
03/27/2024,Wed,06:41,11.30,344,H
03/27/2024,Wed,13:19,0.72,22,L
03/27/2024,Wed,19:48,10.63,324,H
03/28/2024,Thu,01:26,5.16,157,L
03/28/2024,Thu,07:04,11.12,339,H
03/28/2024,Thu,13:52,0.12,4,L
03/28/2024,Thu,20:34,10.72,327,H
03/29/2024,Fri,02:03,6.14,187,L
03/29/2024,Fri,07:27,10.85,331,H
03/29/2024,Fri,14:29,-0.25,-8,L
03/29/2024,Fri,21:25,10.68,326,H
03/30/2024,Sat,02:44,7.05,215,L
03/30/2024,Sat,07:52,10.51,320,H
03/30/2024,Sat,15:12,-0.39,-12,L
03/30/2024,Sat,22:24,10.52,321,H
03/31/2024,Sun,03:33,7.85,239,L
03/31/2024,Sun,08:18,10.13,309,H
03/31/2024,Sun,16:02,-0.33,-10,L
03/31/2024,Sun,23:38,10.37,316,H
04/01/2024,Mon,04:41,8.44,257,L
04/01/2024,Mon,08:55,9.70,296,H
04/01/2024,Mon,17:01,-0.18,-5,L
04/02/2024,Tue,01:07,10.42,318,H
04/02/2024,Tue,06:27,8.55,261,L
04/02/2024,Tue,10:07,9.22,281,H
04/02/2024,Tue,18:09,-0.09,-3,L
04/03/2024,Wed,02:22,10.73,327,H
04/03/2024,Wed,08:10,7.96,243,L
04/03/2024,Wed,11:53,8.97,273,H
04/03/2024,Wed,19:18,-0.13,-4,L
04/04/2024,Thu,03:10,11.12,339,H
04/04/2024,Thu,09:03,6.89,210,L
04/04/2024,Thu,13:26,9.17,280,H
04/04/2024,Thu,20:23,-0.17,-5,L
04/05/2024,Fri,03:44,11.51,351,H
04/05/2024,Fri,09:43,5.49,167,L
04/05/2024,Fri,14:43,9.71,296,H
04/05/2024,Fri,21:20,-0.01,-0,L
04/06/2024,Sat,04:13,11.89,362,H
04/06/2024,Sat,10:21,3.85,117,L
04/06/2024,Sat,15:50,10.35,315,H
04/06/2024,Sat,22:11,0.52,16,L
04/07/2024,Sun,04:41,12.23,373,H
04/07/2024,Sun,10:59,2.10,64,L
04/07/2024,Sun,16:52,10.96,334,H
04/07/2024,Sun,22:59,1.43,44,L
04/08/2024,Mon,05:09,12.49,381,H
04/08/2024,Mon,11:38,0.46,14,L
04/08/2024,Mon,17:52,11.45,349,H
04/08/2024,Mon,23:46,2.63,80,L
04/09/2024,Tue,05:40,12.58,383,H
04/09/2024,Tue,12:18,-0.90,-27,L
04/09/2024,Tue,18:50,11.79,359,H
04/10/2024,Wed,00:34,3.97,121,L
04/10/2024,Wed,06:12,12.45,379,H
04/10/2024,Wed,13:00,-1.81,-55,L
04/10/2024,Wed,19:48,11.93,364,H
04/11/2024,Thu,01:23,5.28,161,L
04/11/2024,Thu,06:46,12.07,368,H
04/11/2024,Thu,13:42,-2.17,-66,L
04/11/2024,Thu,20:48,11.88,362,H
04/12/2024,Fri,02:16,6.40,195,L
04/12/2024,Fri,07:24,11.43,348,H
04/12/2024,Fri,14:27,-1.98,-60,L
04/12/2024,Fri,21:51,11.66,355,H
04/13/2024,Sat,03:18,7.24,221,L
04/13/2024,Sat,08:06,10.59,323,H
04/13/2024,Sat,15:16,-1.36,-41,L
04/13/2024,Sat,23:02,11.35,346,H
04/14/2024,Sun,04:36,7.69,234,L
04/14/2024,Sun,08:55,9.64,294,H
04/14/2024,Sun,16:09,-0.47,-14,L
04/15/2024,Mon,00:20,11.10,338,H
04/15/2024,Mon,06:26,7.56,230,L
04/15/2024,Mon,10:01,8.71,265,H
04/15/2024,Mon,17:11,0.47,14,L
04/16/2024,Tue,01:35,11.00,335,H
04/16/2024,Tue,08:02,6.83,208,L
04/16/2024,Tue,11:27,8.03,245,H
04/16/2024,Tue,18:20,1.26,38,L
04/17/2024,Wed,02:33,11.01,336,H
04/17/2024,Wed,09:00,5.88,179,L
04/17/2024,Wed,12:59,7.82,238,H
04/17/2024,Wed,19:30,1.81,55,L
04/18/2024,Thu,03:15,11.03,336,H
04/18/2024,Thu,09:40,4.91,150,L
04/18/2024,Thu,14:21,8.06,246,H
04/18/2024,Thu,20:31,2.23,68,L
04/19/2024,Fri,03:44,11.02,336,H
04/19/2024,Fri,10:11,3.96,121,L
04/19/2024,Fri,15:27,8.52,260,H
04/19/2024,Fri,21:22,2.68,82,L
04/20/2024,Sat,04:05,11.01,336,H
04/20/2024,Sat,10:37,3.01,92,L
04/20/2024,Sat,16:20,9.04,276,H
04/20/2024,Sat,22:05,3.26,99,L
04/21/2024,Sun,04:22,11.01,336,H
04/21/2024,Sun,10:59,2.06,63,L
04/21/2024,Sun,17:07,9.58,292,H
04/21/2024,Sun,22:43,3.97,121,L
04/22/2024,Mon,04:39,11.02,336,H
04/22/2024,Mon,11:21,1.11,34,L
04/22/2024,Mon,17:49,10.11,308,H
04/22/2024,Mon,23:20,4.76,145,L
04/23/2024,Tue,04:58,11.00,335,H
04/23/2024,Tue,11:45,0.19,6,L
04/23/2024,Tue,18:29,10.61,323,H
04/23/2024,Tue,23:56,5.56,169,L
04/24/2024,Wed,05:20,10.92,333,H
04/24/2024,Wed,12:12,-0.61,-19,L
04/24/2024,Wed,19:09,11.05,337,H
04/25/2024,Thu,00:34,6.31,192,L
04/25/2024,Thu,05:43,10.77,328,H
04/25/2024,Thu,12:44,-1.23,-37,L
04/25/2024,Thu,19:50,11.36,346,H
04/26/2024,Fri,01:14,6.97,212,L
04/26/2024,Fri,06:08,10.57,322,H
04/26/2024,Fri,13:19,-1.62,-49,L
04/26/2024,Fri,20:34,11.50,351,H
04/27/2024,Sat,01:57,7.52,229,L
04/27/2024,Sat,06:34,10.32,315,H
04/27/2024,Sat,13:59,-1.75,-53,L
04/27/2024,Sat,21:23,11.48,350,H
04/28/2024,Sun,02:46,7.94,242,L
04/28/2024,Sun,07:05,10.02,305,H
04/28/2024,Sun,14:45,-1.64,-50,L
04/28/2024,Sun,22:19,11.34,346,H
04/29/2024,Mon,03:44,8.18,249,L
04/29/2024,Mon,07:43,9.61,293,H
04/29/2024,Mon,15:36,-1.30,-40,L
04/29/2024,Mon,23:22,11.20,341,H
04/30/2024,Tue,05:00,8.12,247,L
04/30/2024,Tue,08:41,9.07,276,H
04/30/2024,Tue,16:34,-0.80,-24,L
05/01/2024,Wed,00:25,11.20,341,H
05/01/2024,Wed,06:31,7.56,230,L
05/01/2024,Wed,10:14,8.48,258,H
05/01/2024,Wed,17:37,-0.19,-6,L
05/02/2024,Thu,01:20,11.34,346,H
05/02/2024,Thu,07:43,6.43,196,L
05/02/2024,Thu,11:56,8.21,250,H
05/02/2024,Thu,18:44,0.50,15,L
05/03/2024,Fri,02:03,11.59,353,H
05/03/2024,Fri,08:33,4.89,149,L
05/03/2024,Fri,13:30,8.43,257,H
05/03/2024,Fri,19:48,1.28,39,L
05/04/2024,Sat,02:40,11.87,362,H
05/04/2024,Sat,09:15,3.10,94,L
05/04/2024,Sat,14:52,9.07,276,H
05/04/2024,Sat,20:48,2.21,67,L
05/05/2024,Sun,03:12,12.14,370,H
05/05/2024,Sun,09:54,1.22,37,L
05/05/2024,Sun,16:04,9.94,303,H
05/05/2024,Sun,21:44,3.29,100,L
05/06/2024,Mon,03:44,12.34,376,H
05/06/2024,Mon,10:33,-0.51,-16,L
05/06/2024,Mon,17:08,10.82,330,H
05/06/2024,Mon,22:38,4.43,135,L
05/07/2024,Tue,04:16,12.38,377,H
05/07/2024,Tue,11:12,-1.91,-58,L
05/07/2024,Tue,18:07,11.58,353,H
05/07/2024,Tue,23:30,5.51,168,L
05/08/2024,Wed,04:49,12.23,373,H
05/08/2024,Wed,11:51,-2.82,-86,L
05/08/2024,Wed,19:03,12.11,369,H
05/09/2024,Thu,00:23,6.43,196,L
05/09/2024,Thu,05:25,11.87,362,H
05/09/2024,Thu,12:32,-3.20,-98,L
05/09/2024,Thu,19:57,12.37,377,H
05/10/2024,Fri,01:18,7.09,216,L
05/10/2024,Fri,06:03,11.30,344,H
05/10/2024,Fri,13:15,-3.05,-93,L
05/10/2024,Fri,20:50,12.36,377,H
05/11/2024,Sat,02:17,7.48,228,L
05/11/2024,Sat,06:46,10.57,322,H
05/11/2024,Sat,13:59,-2.49,-76,L
05/11/2024,Sat,21:44,12.14,370,H
05/12/2024,Sun,03:22,7.59,231,L
05/12/2024,Sun,07:33,9.73,297,H
05/12/2024,Sun,14:46,-1.62,-49,L
05/12/2024,Sun,22:40,11.82,360,H
05/13/2024,Mon,04:40,7.40,226,L
05/13/2024,Mon,08:29,8.86,270,H
05/13/2024,Mon,15:36,-0.59,-18,L
05/13/2024,Mon,23:36,11.50,351,H
05/14/2024,Tue,06:07,6.86,209,L
05/14/2024,Tue,09:38,8.03,245,H
05/14/2024,Tue,16:30,0.51,16,L
05/15/2024,Wed,00:29,11.26,343,H
05/15/2024,Wed,07:21,6.01,183,L
05/15/2024,Wed,11:01,7.40,226,H
05/15/2024,Wed,17:28,1.59,48,L
05/16/2024,Thu,01:15,11.12,339,H
05/16/2024,Thu,08:14,4.98,152,L
05/16/2024,Thu,12:32,7.17,219,H
05/16/2024,Thu,18:31,2.63,80,L
05/17/2024,Fri,01:51,11.04,336,H
05/17/2024,Fri,08:54,3.87,118,L
05/17/2024,Fri,14:01,7.42,226,H
05/17/2024,Fri,19:33,3.60,110,L
05/18/2024,Sat,02:21,11.01,336,H
05/18/2024,Sat,09:24,2.75,84,L
05/18/2024,Sat,15:17,8.05,245,H
05/18/2024,Sat,20:31,4.52,138,L
05/19/2024,Sun,02:46,10.98,335,H
05/19/2024,Sun,09:50,1.63,50,L
05/19/2024,Sun,16:20,8.87,270,H
05/19/2024,Sun,21:23,5.39,164,L
05/20/2024,Mon,03:10,10.95,334,H
05/20/2024,Mon,10:14,0.56,17,L
05/20/2024,Mon,17:11,9.71,296,H
05/20/2024,Mon,22:11,6.20,189,L
05/21/2024,Tue,03:34,10.89,332,H
05/21/2024,Tue,10:40,-0.44,-13,L
05/21/2024,Tue,17:55,10.49,320,H
05/21/2024,Tue,22:57,6.91,211,L
05/22/2024,Wed,03:58,10.80,329,H
05/22/2024,Wed,11:08,-1.31,-40,L
05/22/2024,Wed,18:35,11.13,339,H
05/22/2024,Wed,23:40,7.47,228,L
05/23/2024,Thu,04:24,10.69,326,H
05/23/2024,Thu,11:40,-2.00,-61,L
05/23/2024,Thu,19:14,11.61,354,H
05/24/2024,Fri,00:24,7.88,240,L
05/24/2024,Fri,04:53,10.56,322,H
05/24/2024,Fri,12:16,-2.48,-76,L
05/24/2024,Fri,19:53,11.91,363,H
05/25/2024,Sat,01:08,8.13,248,L
05/25/2024,Sat,05:25,10.42,318,H
05/25/2024,Sat,12:56,-2.73,-83,L
05/25/2024,Sat,20:35,12.05,367,H
05/26/2024,Sun,01:55,8.22,251,L
05/26/2024,Sun,06:02,10.21,311,H
05/26/2024,Sun,13:40,-2.73,-83,L
05/26/2024,Sun,21:21,12.07,368,H
05/27/2024,Mon,02:47,8.15,248,L
05/27/2024,Mon,06:47,9.88,301,H
05/27/2024,Mon,14:27,-2.45,-75,L
05/27/2024,Mon,22:08,12.03,367,H
05/28/2024,Tue,03:46,7.83,239,L
05/28/2024,Tue,07:43,9.38,286,H
05/28/2024,Tue,15:17,-1.85,-56,L
05/28/2024,Tue,22:56,12.01,366,H
05/29/2024,Wed,04:54,7.18,219,L
05/29/2024,Wed,08:56,8.71,265,H
05/29/2024,Wed,16:10,-0.91,-28,L
05/29/2024,Wed,23:42,12.03,367,H
05/30/2024,Thu,06:04,6.09,186,L
05/30/2024,Thu,10:24,8.07,246,H
05/30/2024,Thu,17:07,0.33,10,L
05/31/2024,Fri,00:24,12.11,369,H
05/31/2024,Fri,07:06,4.58,140,L
05/31/2024,Fri,12:01,7.78,237,H
05/31/2024,Fri,18:08,1.80,55,L
06/01/2024,Sat,01:04,12.22,372,H
06/01/2024,Sat,07:59,2.79,85,L
06/01/2024,Sat,13:39,8.08,246,H
06/01/2024,Sat,19:12,3.34,102,L
06/02/2024,Sun,01:41,12.32,376,H
06/02/2024,Sun,08:44,0.94,29,L
06/02/2024,Sun,15:10,8.94,272,H
06/02/2024,Sun,20:19,4.78,146,L
06/03/2024,Mon,02:17,12.36,377,H
06/03/2024,Mon,09:27,-0.75,-23,L
06/03/2024,Mon,16:27,10.07,307,H
06/03/2024,Mon,21:24,6.00,183,L
06/04/2024,Tue,02:54,12.29,375,H
06/04/2024,Tue,10:08,-2.09,-64,L
06/04/2024,Tue,17:31,11.12,339,H
06/04/2024,Tue,22:26,6.91,211,L
06/05/2024,Wed,03:31,12.08,368,H
06/05/2024,Wed,10:48,-2.98,-91,L
06/05/2024,Wed,18:26,11.91,363,H
06/05/2024,Wed,23:26,7.49,228,L
06/06/2024,Thu,04:10,11.73,358,H
06/06/2024,Thu,11:29,-3.39,-103,L
06/06/2024,Thu,19:15,12.37,377,H
06/07/2024,Fri,00:23,7.78,237,L
06/07/2024,Fri,04:52,11.25,343,H
06/07/2024,Fri,12:11,-3.36,-102,L
06/07/2024,Fri,20:00,12.52,382,H
06/08/2024,Sat,01:19,7.81,238,L
06/08/2024,Sat,05:36,10.69,326,H
06/08/2024,Sat,12:53,-2.98,-91,L
06/08/2024,Sat,20:44,12.44,379,H
06/09/2024,Sun,02:14,7.65,233,L
06/09/2024,Sun,06:23,10.05,306,H
06/09/2024,Sun,13:36,-2.34,-71,L
06/09/2024,Sun,21:25,12.24,373,H
06/10/2024,Mon,03:11,7.33,223,L
06/10/2024,Mon,07:15,9.36,285,H
06/10/2024,Mon,14:20,-1.50,-46,L
06/10/2024,Mon,22:06,12.00,366,H
06/11/2024,Tue,04:11,6.85,209,L
06/11/2024,Tue,08:11,8.63,263,H
06/11/2024,Tue,15:05,-0.49,-15,L
06/11/2024,Tue,22:44,11.78,359,H
06/12/2024,Wed,05:13,6.19,189,L
06/12/2024,Wed,09:15,7.90,241,H
06/12/2024,Wed,15:50,0.70,21,L
06/12/2024,Wed,23:21,11.59,353,H
06/13/2024,Thu,06:13,5.32,162,L
06/13/2024,Thu,10:29,7.28,222,H
06/13/2024,Thu,16:36,2.04,62,L
06/13/2024,Thu,23:56,11.43,348,H
06/14/2024,Fri,07:05,4.29,131,L
06/14/2024,Fri,11:55,6.99,213,H
06/14/2024,Fri,17:27,3.49,106,L
06/15/2024,Sat,00:29,11.28,344,H
06/15/2024,Sat,07:48,3.14,96,L
06/15/2024,Sat,13:31,7.23,220,H
06/15/2024,Sat,18:25,4.93,150,L
06/16/2024,Sun,01:01,11.14,340,H
06/16/2024,Sun,08:24,1.97,60,L
06/16/2024,Sun,15:06,8.01,244,H
06/16/2024,Sun,19:31,6.21,189,L
06/17/2024,Mon,01:33,10.99,335,H
06/17/2024,Mon,08:56,0.83,25,L
06/17/2024,Mon,16:20,9.06,276,H
06/17/2024,Mon,20:41,7.21,220,L
06/18/2024,Tue,02:04,10.84,330,H
06/18/2024,Tue,09:28,-0.24,-7,L
06/18/2024,Tue,17:15,10.08,307,H
06/18/2024,Tue,21:45,7.88,240,L
06/19/2024,Wed,02:35,10.72,327,H
06/19/2024,Wed,10:01,-1.19,-36,L
06/19/2024,Wed,17:58,10.91,333,H
06/19/2024,Wed,22:41,8.29,253,L
06/20/2024,Thu,03:08,10.65,325,H
06/20/2024,Thu,10:37,-2.00,-61,L
06/20/2024,Thu,18:35,11.52,351,H
06/20/2024,Thu,23:29,8.49,259,L
06/21/2024,Fri,03:43,10.63,324,H
06/21/2024,Fri,11:15,-2.64,-80,L
06/21/2024,Fri,19:11,11.92,363,H
06/22/2024,Sat,00:13,8.52,260,L
06/22/2024,Sat,04:23,10.63,324,H
06/22/2024,Sat,11:57,-3.08,-94,L
06/22/2024,Sat,19:47,12.18,371,H
06/23/2024,Sun,00:56,8.37,255,L
06/23/2024,Sun,05:07,10.58,322,H
06/23/2024,Sun,12:40,-3.28,-100,L
06/23/2024,Sun,20:24,12.33,376,H
06/24/2024,Mon,01:42,8.03,245,L
06/24/2024,Mon,05:57,10.41,317,H
06/24/2024,Mon,13:25,-3.15,-96,L
06/24/2024,Mon,21:01,12.44,379,H
06/25/2024,Tue,02:32,7.47,228,L
06/25/2024,Tue,06:52,10.04,306,H
06/25/2024,Tue,14:11,-2.62,-80,L
06/25/2024,Tue,21:39,12.52,382,H
06/26/2024,Wed,03:26,6.66,203,L
06/26/2024,Wed,07:56,9.45,288,H
06/26/2024,Wed,14:58,-1.61,-49,L
06/26/2024,Wed,22:16,12.59,384,H
06/27/2024,Thu,04:25,5.56,169,L
06/27/2024,Thu,09:08,8.72,266,H
06/27/2024,Thu,15:46,-0.14,-4,L
06/27/2024,Thu,22:53,12.62,385,H
06/28/2024,Fri,05:25,4.19,128,L
06/28/2024,Fri,10:32,8.09,247,H
06/28/2024,Fri,16:37,1.69,52,L
06/28/2024,Fri,23:31,12.60,384,H
06/29/2024,Sat,06:25,2.63,80,L
06/29/2024,Sat,12:09,7.88,240,H
06/29/2024,Sat,17:35,3.68,112,L
06/30/2024,Sun,00:10,12.50,381,H
06/30/2024,Sun,07:21,1.03,31,L
06/30/2024,Sun,13:57,8.38,255,H
06/30/2024,Sun,18:44,5.54,169,L
07/01/2024,Mon,00:50,12.31,375,H
07/01/2024,Mon,08:13,-0.42,-13,L
07/01/2024,Mon,15:37,9.47,289,H
07/01/2024,Mon,20:03,6.97,212,L
07/02/2024,Tue,01:33,12.05,367,H
07/02/2024,Tue,09:01,-1.59,-48,L
07/02/2024,Tue,16:51,10.66,325,H
07/02/2024,Tue,21:23,7.78,237,L
07/03/2024,Wed,02:17,11.73,358,H
07/03/2024,Wed,09:46,-2.38,-73,L
07/03/2024,Wed,17:47,11.58,353,H
07/03/2024,Wed,22:33,8.07,246,L
07/04/2024,Thu,03:04,11.38,347,H
07/04/2024,Thu,10:30,-2.79,-85,L
07/04/2024,Thu,18:33,12.11,369,H
07/04/2024,Thu,23:33,8.03,245,L
07/05/2024,Fri,03:51,11.03,336,H
07/05/2024,Fri,11:13,-2.87,-87,L
07/05/2024,Fri,19:13,12.32,376,H
07/06/2024,Sat,00:25,7.80,238,L
07/06/2024,Sat,04:39,10.67,325,H
07/06/2024,Sat,11:55,-2.69,-82,L
07/06/2024,Sat,19:49,12.30,375,H
07/07/2024,Sun,01:11,7.46,227,L
07/07/2024,Sun,05:27,10.29,314,H
07/07/2024,Sun,12:36,-2.31,-70,L
07/07/2024,Sun,20:21,12.17,371,H
07/08/2024,Mon,01:55,7.03,214,L
07/08/2024,Mon,06:15,9.86,301,H
07/08/2024,Mon,13:16,-1.73,-53,L
07/08/2024,Mon,20:50,12.03,367,H
07/09/2024,Tue,02:38,6.52,199,L
07/09/2024,Tue,07:05,9.36,285,H
07/09/2024,Tue,13:55,-0.93,-28,L
07/09/2024,Tue,21:18,11.92,363,H
07/10/2024,Wed,03:22,5.91,180,L
07/10/2024,Wed,07:57,8.79,268,H
07/10/2024,Wed,14:33,0.11,3,L
07/10/2024,Wed,21:46,11.81,360,H
07/11/2024,Thu,04:07,5.18,158,L
07/11/2024,Thu,08:54,8.19,250,H
07/11/2024,Thu,15:11,1.40,43,L
07/11/2024,Thu,22:15,11.69,356,H
07/12/2024,Fri,04:53,4.34,132,L
07/12/2024,Fri,10:00,7.68,234,H
07/12/2024,Fri,15:49,2.90,88,L
07/12/2024,Fri,22:45,11.50,351,H
07/13/2024,Sat,05:40,3.43,105,L
07/13/2024,Sat,11:18,7.42,226,H
07/13/2024,Sat,16:31,4.51,137,L
07/13/2024,Sat,23:16,11.24,343,H
07/14/2024,Sun,06:27,2.47,75,L
07/14/2024,Sun,12:53,7.61,232,H
07/14/2024,Sun,17:22,6.09,186,L
07/14/2024,Sun,23:50,10.93,333,H
07/15/2024,Mon,07:14,1.50,46,L
07/15/2024,Mon,14:48,8.37,255,H
07/15/2024,Mon,18:34,7.45,227,L
07/16/2024,Tue,00:26,10.63,324,H
07/16/2024,Tue,07:59,0.53,16,L
07/16/2024,Tue,16:16,9.43,287,H
07/16/2024,Tue,20:09,8.32,254,L
07/17/2024,Wed,01:06,10.42,318,H
07/17/2024,Wed,08:44,-0.40,-12,L
07/17/2024,Wed,17:08,10.38,316,H
07/17/2024,Wed,21:33,8.65,264,L
07/18/2024,Thu,01:50,10.35,315,H
07/18/2024,Thu,09:28,-1.28,-39,L
07/18/2024,Thu,17:46,11.08,338,H
07/18/2024,Thu,22:31,8.67,264,L
07/19/2024,Fri,02:37,10.42,318,H
07/19/2024,Fri,10:12,-2.08,-63,L
07/19/2024,Fri,18:18,11.57,353,H
07/19/2024,Fri,23:14,8.49,259,L
07/20/2024,Sat,03:26,10.60,323,H
07/20/2024,Sat,10:56,-2.73,-83,L
07/20/2024,Sat,18:49,11.90,363,H
07/20/2024,Sat,23:53,8.12,247,L
07/21/2024,Sun,04:16,10.79,329,H
07/21/2024,Sun,11:40,-3.14,-96,L
07/21/2024,Sun,19:19,12.14,370,H
07/22/2024,Mon,00:33,7.55,230,L
07/22/2024,Mon,05:08,10.87,331,H
07/22/2024,Mon,12:24,-3.19,-97,L
07/22/2024,Mon,19:50,12.35,376,H
07/23/2024,Tue,01:17,6.75,206,L
07/23/2024,Tue,06:03,10.74,327,H
07/23/2024,Tue,13:08,-2.76,-84,L
07/23/2024,Tue,20:21,12.55,383,H
07/24/2024,Wed,02:04,5.74,175,L
07/24/2024,Wed,07:02,10.37,316,H
07/24/2024,Wed,13:52,-1.79,-55,L
07/24/2024,Wed,20:53,12.70,387,H
07/25/2024,Thu,02:54,4.55,139,L
07/25/2024,Thu,08:06,9.79,298,H
07/25/2024,Thu,14:37,-0.31,-9,L
07/25/2024,Thu,21:26,12.77,389,H
07/26/2024,Fri,03:47,3.28,100,L
07/26/2024,Fri,09:17,9.15,279,H
07/26/2024,Fri,15:23,1.57,48,L
07/26/2024,Fri,22:01,12.69,387,H
07/27/2024,Sat,04:43,2.03,62,L
07/27/2024,Sat,10:39,8.65,264,H
07/27/2024,Sat,16:13,3.66,112,L
07/27/2024,Sat,22:39,12.45,379,H
07/28/2024,Sun,05:41,0.90,27,L
07/28/2024,Sun,12:19,8.60,262,H
07/28/2024,Sun,17:14,5.67,173,L
07/28/2024,Sun,23:21,12.05,367,H
07/29/2024,Mon,06:41,-0.05,-2,L
07/29/2024,Mon,14:16,9.23,281,H
07/29/2024,Mon,18:35,7.26,221,L
07/30/2024,Tue,00:08,11.55,352,H
07/30/2024,Tue,07:40,-0.80,-24,L
07/30/2024,Tue,15:50,10.28,313,H
07/30/2024,Tue,20:17,8.05,245,L
07/31/2024,Wed,01:03,11.06,337,H
07/31/2024,Wed,08:37,-1.34,-41,L
07/31/2024,Wed,16:52,11.19,341,H
07/31/2024,Wed,21:44,8.06,246,L
08/01/2024,Thu,02:02,10.69,326,H
08/01/2024,Thu,09:29,-1.67,-51,L
08/01/2024,Thu,17:39,11.74,358,H
08/01/2024,Thu,22:47,7.71,235,L
08/02/2024,Fri,03:00,10.46,319,H
08/02/2024,Fri,10:17,-1.82,-55,L
08/02/2024,Fri,18:17,11.95,364,H
08/02/2024,Fri,23:35,7.25,221,L
08/03/2024,Sat,03:53,10.33,315,H
08/03/2024,Sat,11:01,-1.79,-55,L
08/03/2024,Sat,18:50,11.93,364,H
08/04/2024,Sun,00:14,6.77,206,L
08/04/2024,Sun,04:42,10.22,312,H
08/04/2024,Sun,11:41,-1.59,-48,L
08/04/2024,Sun,19:16,11.81,360,H
08/05/2024,Mon,00:49,6.26,191,L
08/05/2024,Mon,05:28,10.07,307,H
08/05/2024,Mon,12:18,-1.19,-36,L
08/05/2024,Mon,19:38,11.70,357,H
08/06/2024,Tue,01:22,5.70,174,L
08/06/2024,Tue,06:13,9.84,300,H
08/06/2024,Tue,12:54,-0.56,-17,L
08/06/2024,Tue,19:58,11.64,355,H
08/07/2024,Wed,01:55,5.05,154,L
08/07/2024,Wed,06:58,9.54,291,H
08/07/2024,Wed,13:28,0.31,9,L
08/07/2024,Wed,20:20,11.61,354,H
08/08/2024,Thu,02:29,4.33,132,L
08/08/2024,Thu,07:46,9.19,280,H
08/08/2024,Thu,14:02,1.43,44,L
08/08/2024,Thu,20:43,11.55,352,H
08/09/2024,Fri,03:05,3.57,109,L
08/09/2024,Fri,08:39,8.84,269,H
08/09/2024,Fri,14:36,2.75,84,L
08/09/2024,Fri,21:09,11.39,347,H
08/10/2024,Sat,03:44,2.85,87,L
08/10/2024,Sat,09:37,8.54,260,H
08/10/2024,Sat,15:12,4.22,129,L
08/10/2024,Sat,21:37,11.10,338,H
08/11/2024,Sun,04:27,2.19,67,L
08/11/2024,Sun,10:46,8.37,255,H
08/11/2024,Sun,15:51,5.71,174,L
08/11/2024,Sun,22:06,10.70,326,H
08/12/2024,Mon,05:14,1.62,49,L
08/12/2024,Mon,12:12,8.45,258,H
08/12/2024,Mon,16:40,7.08,216,L
08/12/2024,Mon,22:39,10.28,313,H
08/13/2024,Tue,06:07,1.07,33,L
08/13/2024,Tue,14:11,8.94,272,H
08/13/2024,Tue,18:02,8.17,249,L
08/13/2024,Tue,23:21,9.91,302,H
08/14/2024,Wed,07:04,0.48,15,L
08/14/2024,Wed,15:48,9.76,297,H
08/14/2024,Wed,20:04,8.64,263,L
08/15/2024,Thu,00:17,9.71,296,H
08/15/2024,Thu,08:03,-0.23,-7,L
08/15/2024,Thu,16:37,10.48,319,H
08/15/2024,Thu,21:30,8.52,260,L
08/16/2024,Fri,01:22,9.77,298,H
08/16/2024,Fri,08:58,-1.01,-31,L
08/16/2024,Fri,17:11,11.02,336,H
08/16/2024,Fri,22:15,8.13,248,L
08/17/2024,Sat,02:25,10.08,307,H
08/17/2024,Sat,09:48,-1.76,-54,L
08/17/2024,Sat,17:39,11.41,348,H
08/17/2024,Sat,22:50,7.53,230,L
08/18/2024,Sun,03:23,10.51,320,H
08/18/2024,Sun,10:36,-2.30,-70,L
08/18/2024,Sun,18:05,11.72,357,H
08/18/2024,Sun,23:26,6.70,204,L
08/19/2024,Mon,04:18,10.88,332,H
08/19/2024,Mon,11:21,-2.46,-75,L
08/19/2024,Mon,18:31,12.01,366,H
08/20/2024,Tue,00:05,5.63,172,L
08/20/2024,Tue,05:13,11.09,338,H
08/20/2024,Tue,12:04,-2.12,-65,L
08/20/2024,Tue,18:59,12.28,374,H
08/21/2024,Wed,00:47,4.38,134,L
08/21/2024,Wed,06:10,11.06,337,H
08/21/2024,Wed,12:48,-1.22,-37,L
08/21/2024,Wed,19:28,12.50,381,H
08/22/2024,Thu,01:32,3.05,93,L
08/22/2024,Thu,07:09,10.82,330,H
08/22/2024,Thu,13:31,0.17,5,L
08/22/2024,Thu,19:59,12.61,384,H
08/23/2024,Fri,02:19,1.79,55,L
08/23/2024,Fri,08:13,10.43,318,H
08/23/2024,Fri,14:16,1.93,59,L
08/23/2024,Fri,20:32,12.53,382,H
08/24/2024,Sat,03:08,0.75,23,L
08/24/2024,Sat,09:23,10.00,305,H
08/24/2024,Sat,15:04,3.84,117,L
08/24/2024,Sat,21:09,12.22,372,H
08/25/2024,Sun,04:01,0.05,2,L
08/25/2024,Sun,10:44,9.68,295,H
08/25/2024,Sun,16:00,5.69,173,L
08/25/2024,Sun,21:49,11.68,356,H
08/26/2024,Mon,04:58,-0.30,-9,L
08/26/2024,Mon,12:25,9.69,295,H
08/26/2024,Mon,17:13,7.18,219,L
08/26/2024,Mon,22:37,10.97,334,H
08/27/2024,Tue,06:01,-0.39,-12,L
08/27/2024,Tue,14:15,10.18,310,H
08/27/2024,Tue,19:02,7.93,242,L
08/27/2024,Tue,23:39,10.25,312,H
08/28/2024,Wed,07:08,-0.39,-12,L
08/28/2024,Wed,15:34,10.85,331,H
08/28/2024,Wed,20:49,7.73,236,L
08/29/2024,Thu,00:52,9.75,297,H
08/29/2024,Thu,08:14,-0.43,-13,L
08/29/2024,Thu,16:28,11.34,346,H
08/29/2024,Thu,21:57,7.08,216,L
08/30/2024,Fri,02:06,9.59,292,H
08/30/2024,Fri,09:13,-0.51,-16,L
08/30/2024,Fri,17:09,11.56,352,H
08/30/2024,Fri,22:43,6.38,194,L
08/31/2024,Sat,03:10,9.67,295,H
08/31/2024,Sat,10:03,-0.52,-16,L
08/31/2024,Sat,17:41,11.57,353,H
08/31/2024,Sat,23:19,5.73,175,L
09/01/2024,Sun,04:03,9.81,299,H
09/01/2024,Sun,10:45,-0.39,-12,L
09/01/2024,Sun,18:06,11.46,349,H
09/01/2024,Sun,23:50,5.11,156,L
09/02/2024,Mon,04:49,9.92,302,H
09/02/2024,Mon,11:22,-0.04,-1,L
09/02/2024,Mon,18:24,11.34,346,H
09/03/2024,Tue,00:17,4.46,136,L
09/03/2024,Tue,05:32,9.96,304,H
09/03/2024,Tue,11:56,0.52,16,L
09/03/2024,Tue,18:40,11.28,344,H
09/04/2024,Wed,00:43,3.76,115,L
09/04/2024,Wed,06:13,9.95,303,H
09/04/2024,Wed,12:29,1.30,40,L
09/04/2024,Wed,18:57,11.26,343,H
09/05/2024,Thu,01:10,3.00,91,L
09/05/2024,Thu,06:55,9.91,302,H
09/05/2024,Thu,13:01,2.28,69,L
09/05/2024,Thu,19:17,11.22,342,H
09/06/2024,Fri,01:40,2.25,69,L
09/06/2024,Fri,07:40,9.86,301,H
09/06/2024,Fri,13:34,3.40,104,L
09/06/2024,Fri,19:40,11.08,338,H
09/07/2024,Sat,02:12,1.60,49,L
09/07/2024,Sat,08:28,9.79,298,H
09/07/2024,Sat,14:09,4.59,140,L
09/07/2024,Sat,20:04,10.81,329,H
09/08/2024,Sun,02:48,1.10,34,L
09/08/2024,Sun,09:20,9.69,295,H
09/08/2024,Sun,14:46,5.79,176,L
09/08/2024,Sun,20:29,10.43,318,H
09/09/2024,Mon,03:29,0.79,24,L
09/09/2024,Mon,10:21,9.56,291,H
09/09/2024,Mon,15:29,6.92,211,L
09/09/2024,Mon,20:55,9.99,304,H
09/10/2024,Tue,04:16,0.65,20,L
09/10/2024,Tue,11:37,9.49,289,H
09/10/2024,Tue,16:28,7.87,240,L
09/10/2024,Tue,21:25,9.54,291,H
09/11/2024,Wed,05:12,0.58,18,L
09/11/2024,Wed,13:19,9.64,294,H
09/11/2024,Wed,18:09,8.45,258,L
09/11/2024,Wed,22:15,9.15,279,H
09/12/2024,Thu,06:17,0.40,12,L
09/12/2024,Thu,14:53,10.11,308,H
09/12/2024,Thu,20:23,8.31,253,L
09/12/2024,Thu,23:45,8.95,273,H
09/13/2024,Fri,07:25,0.01,0,L
09/13/2024,Fri,15:43,10.61,323,H
09/13/2024,Fri,21:17,7.74,236,L
09/14/2024,Sat,01:11,9.14,279,H
09/14/2024,Sat,08:27,-0.52,-16,L
09/14/2024,Sat,16:16,11.03,336,H
09/14/2024,Sat,21:50,6.91,211,L
09/15/2024,Sun,02:22,9.65,294,H
09/15/2024,Sun,09:22,-0.95,-29,L
09/15/2024,Sun,16:42,11.40,347,H
09/15/2024,Sun,22:24,5.79,176,L
09/16/2024,Mon,03:25,10.27,313,H
09/16/2024,Mon,10:11,-1.07,-33,L
09/16/2024,Mon,17:08,11.76,358,H
09/16/2024,Mon,22:59,4.42,135,L
09/17/2024,Tue,04:23,10.82,330,H
09/17/2024,Tue,10:57,-0.72,-22,L
09/17/2024,Tue,17:34,12.09,369,H
09/17/2024,Tue,23:37,2.89,88,L
09/18/2024,Wed,05:20,11.22,342,H
09/18/2024,Wed,11:41,0.12,4,L
09/18/2024,Wed,18:02,12.35,376,H
09/19/2024,Thu,00:18,1.37,42,L
09/19/2024,Thu,06:17,11.43,348,H
09/19/2024,Thu,12:26,1.39,42,L
09/19/2024,Thu,18:32,12.48,380,H
09/20/2024,Fri,01:00,0.04,1,L
09/20/2024,Fri,07:17,11.46,349,H
09/20/2024,Fri,13:12,2.92,89,L
09/20/2024,Fri,19:04,12.40,378,H
09/21/2024,Sat,01:45,-0.92,-28,L
09/21/2024,Sat,08:19,11.34,346,H
09/21/2024,Sat,14:00,4.52,138,L
09/21/2024,Sat,19:39,12.06,368,H
09/22/2024,Sun,02:32,-1.39,-42,L
09/22/2024,Sun,09:27,11.11,339,H
09/22/2024,Sun,14:54,5.99,183,L
09/22/2024,Sun,20:18,11.46,349,H
09/23/2024,Mon,03:22,-1.34,-41,L
09/23/2024,Mon,10:44,10.86,331,H
09/23/2024,Mon,16:01,7.15,218,L
09/23/2024,Mon,21:04,10.63,324,H
09/24/2024,Tue,04:18,-0.88,-27,L
09/24/2024,Tue,12:17,10.75,328,H
09/24/2024,Tue,17:37,7.76,237,L
09/24/2024,Tue,22:02,9.72,296,H
09/25/2024,Wed,05:22,-0.23,-7,L
09/25/2024,Wed,13:48,10.89,332,H
09/25/2024,Wed,19:37,7.49,228,L
09/25/2024,Wed,23:21,8.95,273,H
09/26/2024,Thu,06:34,0.35,11,L
09/26/2024,Thu,14:56,11.14,340,H
09/26/2024,Thu,20:55,6.66,203,L
09/27/2024,Fri,00:51,8.62,263,H
09/27/2024,Fri,07:46,0.69,21,L
09/27/2024,Fri,15:45,11.31,345,H
09/27/2024,Fri,21:45,5.72,174,L
09/28/2024,Sat,02:13,8.74,266,H
09/28/2024,Sat,08:49,0.87,27,L
09/28/2024,Sat,16:21,11.36,346,H
09/28/2024,Sat,22:22,4.83,147,L
09/29/2024,Sun,03:18,9.08,277,H
09/29/2024,Sun,09:40,1.09,33,L
09/29/2024,Sun,16:47,11.30,344,H
09/29/2024,Sun,22:53,4.01,122,L
09/30/2024,Mon,04:10,9.44,288,H
09/30/2024,Mon,10:21,1.48,45,L
09/30/2024,Mon,17:06,11.20,341,H
09/30/2024,Mon,23:18,3.22,98,L
10/01/2024,Tue,04:55,9.76,297,H
10/01/2024,Tue,10:58,2.08,63,L
10/01/2024,Tue,17:21,11.13,339,H
10/01/2024,Tue,23:41,2.42,74,L
10/02/2024,Wed,05:36,10.04,306,H
10/02/2024,Wed,11:31,2.86,87,L
10/02/2024,Wed,17:36,11.09,338,H
10/03/2024,Thu,00:04,1.62,49,L
10/03/2024,Thu,06:16,10.30,314,H
10/03/2024,Thu,12:04,3.75,114,L
10/03/2024,Thu,17:54,11.03,336,H
10/04/2024,Fri,00:30,0.86,26,L
10/04/2024,Fri,06:56,10.55,322,H
10/04/2024,Fri,12:38,4.69,143,L
10/04/2024,Fri,18:15,10.89,332,H
10/05/2024,Sat,00:58,0.21,6,L
10/05/2024,Sat,07:38,10.75,328,H
10/05/2024,Sat,13:13,5.62,171,L
10/05/2024,Sat,18:37,10.66,325,H
10/06/2024,Sun,01:30,-0.24,-7,L
10/06/2024,Sun,08:21,10.86,331,H
10/06/2024,Sun,13:52,6.48,198,L
10/06/2024,Sun,19:00,10.33,315,H
10/07/2024,Mon,02:06,-0.46,-14,L
10/07/2024,Mon,09:10,10.84,330,H
10/07/2024,Mon,14:35,7.25,221,L
10/07/2024,Mon,19:24,9.95,303,H
10/08/2024,Tue,02:47,-0.45,-14,L
10/08/2024,Tue,10:06,10.69,326,H
10/08/2024,Tue,15:26,7.89,240,L
10/08/2024,Tue,19:47,9.55,291,H
10/09/2024,Wed,03:35,-0.25,-8,L
10/09/2024,Wed,11:14,10.52,321,H
10/09/2024,Wed,16:38,8.31,253,L
10/09/2024,Wed,20:16,9.11,278,H
10/10/2024,Thu,04:32,0.02,1,L
10/10/2024,Thu,12:35,10.51,320,H
10/10/2024,Thu,18:33,8.27,252,L
10/10/2024,Thu,21:27,8.60,262,H
10/11/2024,Fri,05:38,0.25,8,L
10/11/2024,Fri,13:47,10.72,327,H
10/11/2024,Fri,20:09,7.60,232,L
10/11/2024,Fri,23:29,8.33,254,H
10/12/2024,Sat,06:47,0.34,10,L
10/12/2024,Sat,14:35,11.05,337,H
10/12/2024,Sat,20:48,6.57,200,L
10/13/2024,Sun,01:05,8.57,261,H
10/13/2024,Sun,07:52,0.40,12,L
10/13/2024,Sun,15:10,11.42,348,H
10/13/2024,Sun,21:22,5.20,158,L
10/14/2024,Mon,02:23,9.19,280,H
10/14/2024,Mon,08:50,0.62,19,L
10/14/2024,Mon,15:40,11.79,359,H
10/14/2024,Mon,21:56,3.56,109,L
10/15/2024,Tue,03:30,9.97,304,H
10/15/2024,Tue,09:43,1.15,35,L
10/15/2024,Tue,16:08,12.15,370,H
10/15/2024,Tue,22:32,1.77,54,L
10/16/2024,Wed,04:31,10.77,328,H
10/16/2024,Wed,10:31,2.03,62,L
10/16/2024,Wed,16:36,12.43,379,H
10/16/2024,Wed,23:10,0.05,2,L
10/17/2024,Thu,05:30,11.45,349,H
10/17/2024,Thu,11:19,3.17,97,L
10/17/2024,Thu,17:06,12.57,383,H
10/17/2024,Thu,23:50,-1.40,-43,L
10/18/2024,Fri,06:27,11.96,365,H
10/18/2024,Fri,12:07,4.44,135,L
10/18/2024,Fri,17:39,12.50,381,H
10/19/2024,Sat,00:31,-2.38,-73,L
10/19/2024,Sat,07:25,12.25,373,H
10/19/2024,Sat,12:58,5.66,173,L
10/19/2024,Sat,18:14,12.17,371,H
10/20/2024,Sun,01:15,-2.80,-85,L
10/20/2024,Sun,08:25,12.30,375,H
10/20/2024,Sun,13:52,6.69,204,L
10/20/2024,Sun,18:53,11.58,353,H
10/21/2024,Mon,02:01,-2.63,-80,L
10/21/2024,Mon,09:28,12.13,370,H
10/21/2024,Mon,14:55,7.43,226,L
10/21/2024,Mon,19:36,10.76,328,H
10/22/2024,Tue,02:50,-1.97,-60,L
10/22/2024,Tue,10:36,11.85,361,H
10/22/2024,Tue,16:12,7.77,237,L
10/22/2024,Tue,20:28,9.80,299,H
10/23/2024,Wed,03:44,-0.99,-30,L
10/23/2024,Wed,11:50,11.58,353,H
10/23/2024,Wed,17:56,7.56,230,L
10/23/2024,Wed,21:36,8.82,269,H
10/24/2024,Thu,04:45,0.10,3,L
10/24/2024,Thu,13:02,11.43,348,H
10/24/2024,Thu,19:32,6.75,206,L
10/24/2024,Thu,23:05,8.09,247,H
10/25/2024,Fri,05:53,1.08,33,L
10/25/2024,Fri,14:00,11.39,347,H
10/25/2024,Fri,20:33,5.68,173,L
10/26/2024,Sat,00:42,7.85,239,H
10/26/2024,Sat,07:04,1.85,56,L
10/26/2024,Sat,14:44,11.38,347,H
10/26/2024,Sat,21:17,4.58,140,L
10/27/2024,Sun,02:08,8.11,247,H
10/27/2024,Sun,08:09,2.48,76,L
10/27/2024,Sun,15:16,11.35,346,H
10/27/2024,Sun,21:51,3.52,107,L
10/28/2024,Mon,03:18,8.63,263,H
10/28/2024,Mon,09:03,3.10,94,L
10/28/2024,Mon,15:39,11.29,344,H
10/28/2024,Mon,22:18,2.52,77,L
10/29/2024,Tue,04:14,9.24,282,H
10/29/2024,Tue,09:49,3.82,116,L
10/29/2024,Tue,15:58,11.23,342,H
10/29/2024,Tue,22:42,1.57,48,L
10/30/2024,Wed,05:02,9.86,301,H
10/30/2024,Wed,10:30,4.62,141,L
10/30/2024,Wed,16:16,11.17,340,H
10/30/2024,Wed,23:04,0.68,21,L
10/31/2024,Thu,05:44,10.44,318,H
10/31/2024,Thu,11:08,5.46,166,L
10/31/2024,Thu,16:35,11.08,338,H
10/31/2024,Thu,23:27,-0.13,-4,L
11/01/2024,Fri,06:23,10.96,334,H
11/01/2024,Fri,11:45,6.25,190,L
11/01/2024,Fri,16:56,10.94,333,H
11/01/2024,Fri,23:54,-0.79,-24,L
11/02/2024,Sat,07:01,11.38,347,H
11/02/2024,Sat,12:23,6.94,212,L
11/02/2024,Sat,17:19,10.74,327,H
11/03/2024,Sun,00:24,-1.27,-39,L
11/03/2024,Sun,06:39,11.68,356,H
11/03/2024,Sun,12:03,7.50,229,L
11/03/2024,Sun,16:43,10.49,320,H
11/03/2024,Sun,23:58,-1.52,-46,L
11/04/2024,Mon,07:20,11.81,360,H
11/04/2024,Mon,12:46,7.94,242,L
11/04/2024,Mon,17:08,10.20,311,H
11/05/2024,Tue,00:36,-1.55,-47,L
11/05/2024,Tue,08:06,11.79,359,H
11/05/2024,Tue,13:34,8.25,251,L
11/05/2024,Tue,17:35,9.88,301,H
11/06/2024,Wed,01:20,-1.36,-41,L
11/06/2024,Wed,08:57,11.67,356,H
11/06/2024,Wed,14:31,8.40,256,L
11/06/2024,Wed,18:09,9.48,289,H
11/07/2024,Thu,02:08,-0.98,-30,L
11/07/2024,Thu,09:55,11.54,352,H
11/07/2024,Thu,15:45,8.28,252,L
11/07/2024,Thu,18:59,8.95,273,H
11/08/2024,Fri,03:02,-0.43,-13,L
11/08/2024,Fri,10:53,11.52,351,H
11/08/2024,Fri,17:14,7.69,234,L
11/08/2024,Fri,20:33,8.31,253,H
11/09/2024,Sat,04:03,0.26,8,L
11/09/2024,Sat,11:46,11.63,354,H
11/09/2024,Sat,18:23,6.59,201,L
11/09/2024,Sat,22:23,7.96,243,H
11/10/2024,Sun,05:07,1.05,32,L
11/10/2024,Sun,12:29,11.85,361,H
11/10/2024,Sun,19:09,5.08,155,L
11/11/2024,Mon,00:02,8.17,249,H
11/11/2024,Mon,06:12,1.95,59,L
11/11/2024,Mon,13:06,12.13,370,H
11/11/2024,Mon,19:49,3.28,100,L
11/12/2024,Tue,01:28,8.89,271,H
11/12/2024,Tue,07:15,2.96,90,L
11/12/2024,Tue,13:39,12.42,379,H
11/12/2024,Tue,20:28,1.34,41,L
11/13/2024,Wed,02:42,9.91,302,H
11/13/2024,Wed,08:14,4.04,123,L
11/13/2024,Wed,14:11,12.65,386,H
11/13/2024,Wed,21:06,-0.50,-15,L
11/14/2024,Thu,03:47,10.98,335,H
11/14/2024,Thu,09:09,5.15,157,L
11/14/2024,Thu,14:44,12.76,389,H
11/14/2024,Thu,21:45,-2.04,-62,L
11/15/2024,Fri,04:46,11.92,363,H
11/15/2024,Fri,10:04,6.18,188,L
11/15/2024,Fri,15:19,12.69,387,H
11/15/2024,Fri,22:25,-3.08,-94,L
11/16/2024,Sat,05:41,12.59,384,H
11/16/2024,Sat,10:58,7.02,214,L
11/16/2024,Sat,15:56,12.41,378,H
11/16/2024,Sat,23:07,-3.56,-109,L
11/17/2024,Sun,06:35,12.94,394,H
11/17/2024,Sun,11:53,7.60,232,L
11/17/2024,Sun,16:36,11.90,363,H
11/17/2024,Sun,23:51,-3.47,-106,L
11/18/2024,Mon,07:28,12.99,396,H
11/18/2024,Mon,12:52,7.92,241,L
11/18/2024,Mon,17:20,11.20,341,H
11/19/2024,Tue,00:36,-2.90,-88,L
11/19/2024,Tue,08:21,12.80,390,H
11/19/2024,Tue,13:56,7.95,242,L
11/19/2024,Tue,18:09,10.36,316,H
11/20/2024,Wed,01:24,-1.98,-60,L
11/20/2024,Wed,09:16,12.50,381,H
11/20/2024,Wed,15:10,7.70,235,L
11/20/2024,Wed,19:06,9.42,287,H
11/21/2024,Thu,02:14,-0.83,-25,L
11/21/2024,Thu,10:10,12.18,371,H
11/21/2024,Thu,16:33,7.11,217,L
11/21/2024,Thu,20:15,8.50,259,H
11/22/2024,Fri,03:07,0.43,13,L
11/22/2024,Fri,11:02,11.92,363,H
11/22/2024,Fri,17:51,6.19,189,L
11/22/2024,Fri,21:39,7.75,236,H
11/23/2024,Sat,04:05,1.74,53,L
11/23/2024,Sat,11:47,11.74,358,H
11/23/2024,Sat,18:49,5.07,155,L
11/23/2024,Sat,23:15,7.44,227,H
11/24/2024,Sun,05:06,3.02,92,L
11/24/2024,Sun,12:26,11.62,354,H
11/24/2024,Sun,19:33,3.87,118,L
11/25/2024,Mon,00:51,7.70,235,H
11/25/2024,Mon,06:11,4.21,128,L
11/25/2024,Mon,12:57,11.52,351,H
11/25/2024,Mon,20:07,2.69,82,L
11/26/2024,Tue,02:14,8.42,257,H
11/26/2024,Tue,07:14,5.28,161,L
11/26/2024,Tue,13:24,11.42,348,H
11/26/2024,Tue,20:35,1.58,48,L
11/27/2024,Wed,03:20,9.35,285,H
11/27/2024,Wed,08:12,6.22,190,L
11/27/2024,Wed,13:49,11.32,345,H
11/27/2024,Wed,21:01,0.56,17,L
11/28/2024,Thu,04:11,10.28,313,H
11/28/2024,Thu,09:05,7.02,214,L
11/28/2024,Thu,14:14,11.19,341,H
11/28/2024,Thu,21:26,-0.33,-10,L
11/29/2024,Fri,04:54,11.07,337,H
11/29/2024,Fri,09:52,7.66,233,L
11/29/2024,Fri,14:40,11.05,337,H
11/29/2024,Fri,21:54,-1.06,-32,L
11/30/2024,Sat,05:32,11.69,356,H
11/30/2024,Sat,10:36,8.13,248,L
11/30/2024,Sat,15:07,10.89,332,H
11/30/2024,Sat,22:24,-1.63,-50,L
12/01/2024,Sun,06:06,12.12,369,H
12/01/2024,Sun,11:18,8.44,257,L
12/01/2024,Sun,15:35,10.74,327,H
12/01/2024,Sun,22:59,-2.02,-62,L
12/02/2024,Mon,06:41,12.37,377,H
12/02/2024,Mon,11:59,8.61,262,L
12/02/2024,Mon,16:06,10.58,322,H
12/02/2024,Mon,23:37,-2.21,-67,L
12/03/2024,Tue,07:19,12.49,381,H
12/03/2024,Tue,12:42,8.63,263,L
12/03/2024,Tue,16:41,10.39,317,H
12/04/2024,Wed,00:18,-2.19,-67,L
12/04/2024,Wed,07:59,12.51,381,H
12/04/2024,Wed,13:29,8.52,260,L
12/04/2024,Wed,17:22,10.10,308,H
12/05/2024,Thu,01:02,-1.93,-59,L
12/05/2024,Thu,08:42,12.49,381,H
12/05/2024,Thu,14:22,8.20,250,L
12/05/2024,Thu,18:13,9.65,294,H
12/06/2024,Fri,01:48,-1.37,-42,L
12/06/2024,Fri,09:25,12.48,380,H
12/06/2024,Fri,15:24,7.59,231,L
12/06/2024,Fri,19:19,9.02,275,H
12/07/2024,Sat,02:37,-0.46,-14,L
12/07/2024,Sat,10:08,12.51,381,H
12/07/2024,Sat,16:29,6.58,201,L
12/07/2024,Sat,20:44,8.33,254,H
12/08/2024,Sun,03:30,0.81,25,L
12/08/2024,Sun,10:49,12.57,383,H
12/08/2024,Sun,17:32,5.15,157,L
12/08/2024,Sun,22:22,7.93,242,H
12/09/2024,Mon,04:28,2.36,72,L
12/09/2024,Mon,11:28,12.66,386,H
12/09/2024,Mon,18:26,3.40,104,L
12/10/2024,Tue,00:04,8.14,248,H
12/10/2024,Tue,05:32,4.03,123,L
12/10/2024,Tue,12:06,12.75,389,H
12/10/2024,Tue,19:14,1.51,46,L
12/11/2024,Wed,01:43,9.04,276,H
12/11/2024,Wed,06:42,5.58,170,L
12/11/2024,Wed,12:44,12.81,390,H
12/11/2024,Wed,19:59,-0.28,-9,L
12/12/2024,Thu,03:05,10.30,314,H
12/12/2024,Thu,07:52,6.82,208,L
12/12/2024,Thu,13:23,12.79,390,H
12/12/2024,Thu,20:41,-1.78,-54,L
12/13/2024,Fri,04:11,11.53,351,H
12/13/2024,Fri,08:59,7.69,234,L
12/13/2024,Fri,14:03,12.67,386,H
12/13/2024,Fri,21:24,-2.83,-86,L
12/14/2024,Sat,05:05,12.47,380,H
12/14/2024,Sat,10:01,8.18,249,L
12/14/2024,Sat,14:45,12.42,379,H
12/14/2024,Sat,22:06,-3.39,-103,L
12/15/2024,Sun,05:53,13.03,397,H
12/15/2024,Sun,10:59,8.36,255,L
12/15/2024,Sun,15:29,12.05,367,H
12/15/2024,Sun,22:50,-3.47,-106,L
12/16/2024,Mon,06:38,13.25,404,H
12/16/2024,Mon,11:54,8.29,253,L
12/16/2024,Mon,16:16,11.56,352,H
12/16/2024,Mon,23:33,-3.14,-96,L
12/17/2024,Tue,07:21,13.21,403,H
12/17/2024,Tue,12:48,8.05,245,L
12/17/2024,Tue,17:05,10.96,334,H
12/18/2024,Wed,00:17,-2.49,-76,L
12/18/2024,Wed,08:02,13.03,397,H
12/18/2024,Wed,13:43,7.66,233,L
12/18/2024,Wed,17:57,10.25,312,H
12/19/2024,Thu,01:02,-1.57,-48,L
12/19/2024,Thu,08:41,12.79,390,H
12/19/2024,Thu,14:40,7.14,218,L
12/19/2024,Thu,18:53,9.46,288,H
12/20/2024,Fri,01:45,-0.42,-13,L
12/20/2024,Fri,09:19,12.54,382,H
12/20/2024,Fri,15:40,6.45,197,L
12/20/2024,Fri,19:56,8.63,263,H
12/21/2024,Sat,02:29,0.94,29,L
12/21/2024,Sat,09:55,12.30,375,H
12/21/2024,Sat,16:41,5.59,170,L
12/21/2024,Sat,21:08,7.90,241,H
12/22/2024,Sun,03:14,2.48,76,L
12/22/2024,Sun,10:29,12.08,368,H
12/22/2024,Sun,17:37,4.56,139,L
12/22/2024,Sun,22:36,7.50,229,H
12/23/2024,Mon,04:03,4.12,126,L
12/23/2024,Mon,11:03,11.85,361,H
12/23/2024,Mon,18:25,3.44,105,L
12/24/2024,Tue,00:20,7.69,234,H
12/24/2024,Tue,05:01,5.74,175,L
12/24/2024,Tue,11:37,11.60,354,H
12/24/2024,Tue,19:06,2.32,71,L
12/25/2024,Wed,02:08,8.55,261,H
12/25/2024,Wed,06:14,7.13,217,L
12/25/2024,Wed,12:10,11.35,346,H
12/25/2024,Wed,19:42,1.26,38,L
12/26/2024,Thu,03:26,9.71,296,H
12/26/2024,Thu,07:36,8.11,247,L
12/26/2024,Thu,12:45,11.12,339,H
12/26/2024,Thu,20:16,0.31,9,L
12/27/2024,Fri,04:18,10.76,328,H
12/27/2024,Fri,08:51,8.66,264,L
12/27/2024,Fri,13:20,10.93,333,H
12/27/2024,Fri,20:49,-0.52,-16,L
12/28/2024,Sat,04:58,11.57,353,H
12/28/2024,Sat,09:49,8.91,272,L
12/28/2024,Sat,13:56,10.82,330,H
12/28/2024,Sat,21:25,-1.23,-37,L
12/29/2024,Sun,05:31,12.12,369,H
12/29/2024,Sun,10:34,8.98,274,L
12/29/2024,Sun,14:33,10.78,329,H
12/29/2024,Sun,22:02,-1.81,-55,L
12/30/2024,Mon,06:02,12.47,380,H
12/30/2024,Mon,11:12,8.92,272,L
12/30/2024,Mon,15:12,10.80,329,H
12/30/2024,Mon,22:41,-2.23,-68,L
12/31/2024,Tue,06:33,12.68,386,H
12/31/2024,Tue,11:48,8.72,266,L
12/31/2024,Tue,15:55,10.81,329,H
12/31/2024,Tue,23:22,-2.56,-78,L